cvss_score,vulnerability_type,exploit_available,cve_age_days,asset_criticality,internet_exposed,data_sensitivity,failed_logins,request_rate,traffic_spike,risk_label
4.9,4,0,951,5,1,2,3,82.79,0,1
3.8,3,1,57,3,1,5,2,100.04,0,2
5.3,6,0,3334,5,0,4,5,12.14,0,1
2.4,13,1,18,4,0,3,3,45.59,0,1
7.7,4,1,604,1,1,5,3,27.6,1,2
1.7,7,0,2927,4,0,3,1,21.89,0,0
6.5,11,1,9,4,1,4,2,215.49,0,2
2.7,13,1,24,5,0,1,4,2359.29,1,1
3.1,10,1,43,3,0,3,5,291.29,0,1
5.6,0,0,173,3,0,2,2,52.43,0,0
7.2,4,0,24,1,0,4,2,361.14,0,1
1.4,3,1,2217,3,0,3,0,712.91,0,1
4.9,2,0,1691,1,0,3,5,6.76,1,0
4.1,4,0,75,3,0,3,2,342.85,1,0
1.9,9,0,611,4,0,2,49,173.21,0,0
5.0,14,0,1312,2,1,5,4,324.47,0,1
2.0,2,0,65,3,0,1,6,184.92,0,0
4.3,7,1,323,2,0,5,1,38.8,0,1
2.7,12,1,1932,2,1,3,2,1152.06,0,1
3.2,2,0,2381,3,1,4,1,90.87,0,1
3.5,0,1,10,1,0,3,58,28.46,0,1
5.6,8,1,35,3,1,5,2,116.63,1,2
2.1,14,0,1559,1,1,3,1,234.77,0,0
4.5,8,0,2986,2,1,4,4,62.94,0,0
3.0,5,1,482,3,0,5,2,98.47,1,1
3.0,9,0,6,3,1,5,2,62.34,0,1
4.9,0,1,702,1,0,3,0,20.29,0,1
2.8,7,1,2033,3,0,5,2,15.92,0,1
3.0,1,0,16,4,1,4,4,6.66,1,1
4.0,8,0,31,4,0,2,3,532.21,0,0
1.7,13,0,2017,2,1,3,1,39.05,0,0
3.0,7,0,3314,3,0,3,7,0.32,0,0
4.4,2,0,199,4,0,3,2,98.97,0,0
0.8,12,1,923,1,1,4,3,95.94,0,1
1.6,4,0,355,5,0,4,3,3.32,0,0
3.1,8,1,0,5,1,1,53,15.66,0,2
4.7,12,0,3313,5,1,5,52,14.67,0,1
8.1,0,1,2121,4,1,3,3,17.93,0,2
2.7,8,0,1065,4,0,5,1,336.69,0,0
1.1,14,1,42,4,0,5,46,43.67,0,1
1.1,3,1,1044,4,1,5,3,28.76,1,2
2.8,3,0,3576,4,1,5,5,294.0,1,1
7.3,14,1,80,4,0,2,5,114.78,0,2
1.0,3,0,67,3,1,3,2,4.01,0,0
3.3,9,0,1439,3,1,2,1,21.65,0,0
4.3,11,0,2809,5,1,3,2,88.49,1,1
2.3,8,1,1664,1,0,4,1,13.45,1,1
5.6,13,0,2313,4,0,1,4,1146.34,0,0
6.1,5,0,87,5,0,5,5,64.67,1,1
1.4,10,1,3476,4,0,5,5,17.64,1,1
4.9,7,1,3228,5,1,3,0,10.13,1,2
4.6,11,0,3089,4,0,3,5,219.49,0,0
3.2,13,0,3345,1,1,3,1,20.66,1,1
2.2,3,0,1148,4,0,5,2,96.53,1,0
6.4,2,1,8,2,0,4,2,9.71,0,2
1.5,13,1,62,3,0,3,0,60.66,1,1
2.6,0,0,22,3,0,3,3,21.03,0,0
4.8,9,0,53,2,0,3,1,34.02,0,0
4.7,14,0,1915,3,0,5,4,16.54,0,0
6.4,14,1,3237,3,1,2,3,254.28,0,2
2.1,6,0,2609,4,0,1,3,26.14,1,0
5.9,3,0,25,4,0,5,5,44.03,0,1
4.2,13,0,3017,2,1,5,3,47.34,0,1
4.0,7,0,3444,2,0,5,4,613.02,0,0
3.5,13,0,73,4,0,3,1,207.57,0,0
6.3,2,0,2191,4,0,4,1,178.76,0,1
1.4,0,1,3216,5,0,4,4,5.12,0,1
1.1,4,0,977,1,1,1,2,20.4,0,0
6.8,13,0,48,5,0,4,3,324.71,0,1
5.0,1,1,2414,3,1,1,1,9.43,0,1
6.4,2,0,57,4,1,3,3,61.93,0,1
5.5,13,0,52,1,0,5,4,11.05,0,0
3.0,5,0,1531,3,1,3,2,12.84,0,1
6.1,2,1,2769,2,0,5,4,679.38,0,1
4.7,2,0,1338,2,0,3,53,160.6,1,1
2.9,11,1,2707,3,0,3,4,238.58,0,1
3.9,5,0,3416,4,0,4,2,176.9,0,0
2.1,4,0,12,4,0,4,5,44.3,0,0
9.7,9,1,655,3,0,3,41,19.35,0,2
0.9,8,1,79,3,1,5,47,29.87,0,1
0.7,0,0,71,3,1,1,2,40.95,0,0
2.3,12,1,1777,5,0,5,4,784.02,0,1
4.6,2,0,1498,3,1,2,1,7.36,0,1
1.6,2,0,351,2,1,5,3,23.8,0,0
1.8,10,0,73,2,0,3,7,13.88,1,0
4.5,5,0,30,4,0,5,1,266.38,1,1
3.5,7,0,75,3,0,4,3,880.67,0,0
4.1,2,0,8,1,0,2,3,86.76,0,0
5.8,2,0,72,4,0,5,3,98.15,0,1
2.8,5,0,1310,4,0,2,1,62.61,0,0
3.3,7,1,1037,4,1,2,1,105.24,0,1
2.5,5,1,674,1,0,5,2,174.12,0,1
3.5,12,1,2952,3,0,2,7,103.39,1,1
3.4,11,0,61,5,0,2,5,115.38,1,1
4.9,13,0,3445,5,0,3,5,174.71,0,1
5.5,9,1,18,2,0,5,2,3.79,1,2
5.2,2,1,1245,2,0,2,8,54.76,0,1
1.4,3,0,3281,3,1,3,50,86.3,0,0
3.0,0,1,1841,3,0,4,66,101.92,0,1
2.5,12,1,12,4,0,5,3,42.25,0,1
3.6,7,1,2765,5,0,5,5,69.49,1,2
6.8,3,0,52,3,1,4,2,18.54,0,1
2.1,5,0,28,1,1,4,55,3.81,0,1
2.5,10,0,35,5,0,3,0,238.58,0,0
3.6,2,0,621,1,0,2,2,9.96,1,0
2.9,10,0,1321,5,0,4,3,42.92,1,1
2.5,11,0,47,4,0,5,7,17.75,0,1
4.2,10,1,1787,5,1,4,5,590.23,0,2
3.8,5,0,3460,2,0,1,5,48.45,1,0
2.3,11,0,1635,1,1,3,3,34.27,0,0
1.0,10,0,84,3,0,4,1,167.64,1,0
6.3,8,0,1527,3,0,4,51,1386.74,1,1
2.5,8,1,460,3,1,4,46,100.34,0,1
7.9,9,0,498,5,0,4,5,31.0,0,1
7.0,2,1,1496,4,1,2,1,155.23,0,2
5.1,2,0,3602,4,0,5,3,5.16,1,1
1.7,3,0,54,2,0,4,60,58.54,0,0
2.3,11,1,37,4,1,2,2,1086.74,1,1
3.8,6,0,32,4,0,3,3,69.17,1,1
2.3,2,0,160,3,0,5,5,64.18,0,0
3.4,9,0,89,5,0,5,3,56.31,0,1
0.6,7,0,2346,2,1,3,1,30.17,0,0
6.2,10,0,348,2,0,1,3,87.51,1,0
4.7,7,1,3400,1,0,1,1,174.67,1,1
3.2,5,0,1415,4,0,3,3,33.19,1,0
8.3,3,1,3393,4,0,4,2,1.3,0,2
2.5,10,0,1021,3,1,4,5,109.77,0,0
8.3,11,0,2419,2,0,4,48,1339.01,0,1
1.0,10,0,87,1,1,4,46,31.05,0,0
0.6,4,0,2555,2,0,1,1,6.01,0,0
6.1,11,0,3367,3,1,2,49,150.82,1,1
2.6,1,0,3425,2,1,3,1,746.76,0,0
4.1,12,0,1424,2,1,2,2,120.79,1,1
5.4,5,1,2996,5,0,1,2,725.64,0,1
6.8,2,0,60,3,0,4,1,179.56,0,1
2.3,14,1,1810,4,1,5,1,157.63,0,1
4.0,5,0,78,1,0,4,4,25.1,0,0
3.7,11,0,17,3,0,5,6,83.77,1,1
0.6,4,0,1982,3,1,4,3,52.24,0,0
4.4,13,0,3503,2,0,4,1,49.62,0,0
5.2,1,1,85,2,1,3,54,37.31,1,2
4.8,14,0,651,5,0,5,2,76.59,1,1
4.3,11,0,2969,5,1,2,3,7.81,0,1
5.3,12,0,3256,1,0,2,7,184.49,0,0
5.4,13,0,1883,3,0,3,3,14.63,0,0
2.2,4,0,1030,5,1,5,5,37.51,0,1
7.7,4,1,34,1,0,5,4,89.64,0,2
5.9,13,0,2199,4,1,4,4,13.59,1,1
2.9,8,1,49,5,1,4,4,2.86,0,2
2.6,10,1,11,5,0,3,6,30.74,0,1
2.9,7,0,2871,3,1,5,3,6.38,0,0
5.0,11,0,1981,2,0,4,3,158.93,1,1
6.2,11,0,57,2,1,5,4,9.68,0,1
7.6,6,0,82,5,0,3,7,506.61,0,1
3.1,14,0,1640,5,1,3,2,54.13,0,1
1.5,14,1,871,4,0,5,1,59.67,0,1
2.7,11,0,1784,4,0,2,65,2.8,0,0
2.2,12,0,35,4,0,5,3,67.85,0,0
5.4,14,0,2676,4,0,3,2,48.41,0,1
3.0,13,0,46,4,0,5,3,7.78,0,0
2.6,2,1,31,4,0,3,4,62.23,0,1
3.1,9,0,2413,3,0,4,0,30.06,1,0
2.6,3,0,2364,2,0,3,5,39.44,0,0
2.1,5,0,61,4,0,4,0,56.76,1,1
7.1,2,1,36,3,0,3,5,26.92,0,2
2.0,10,0,3377,2,0,5,4,79.02,1,0
5.3,8,1,29,4,0,4,4,47.95,0,2
1.3,7,0,57,4,1,3,4,110.96,0,1
4.9,5,0,2793,5,1,5,2,24.7,0,1
7.7,3,0,65,2,0,3,1,11.05,0,1
2.2,6,0,50,4,1,3,46,18.85,1,1
1.9,12,0,2130,2,0,2,5,475.32,0,0
3.3,14,0,481,5,1,5,2,229.05,0,1
1.4,10,0,668,1,0,3,1,337.0,0,0
1.8,2,0,3436,4,0,3,5,373.93,0,0
8.9,9,0,1730,4,1,5,3,27.13,0,1
5.8,14,0,3612,3,1,5,1,85.09,0,1
1.7,7,1,2557,5,0,2,40,61.18,0,1
6.4,0,0,54,5,0,4,5,146.83,1,1
2.7,2,0,1813,2,1,5,3,35.38,0,0
4.5,10,0,253,1,1,1,3,62.77,0,0
3.5,4,1,2916,2,1,5,2,60.85,0,1
5.9,4,1,727,2,0,3,2,121.32,0,1
4.7,9,0,3344,5,0,4,3,146.0,1,1
2.3,13,0,3471,5,0,3,2,62.83,1,0
1.8,1,1,6,1,0,4,5,65.76,0,1
1.3,9,1,10,3,0,1,3,76.62,1,1
5.2,7,0,259,3,1,4,4,645.37,0,1
1.2,4,1,48,1,0,1,3,4.08,1,1
3.7,6,0,29,3,1,3,5,12.75,0,1
3.6,14,1,40,3,0,2,1,149.98,0,1
3.2,6,0,2,3,0,5,3,81.83,0,1
4.6,13,0,1124,4,0,3,46,80.97,0,1
1.5,4,0,39,4,0,3,2,148.6,0,0
1.6,7,1,50,2,1,3,1,75.26,0,1
4.9,8,1,83,4,0,4,1,23.6,0,2
2.4,3,0,2777,4,0,3,3,140.22,0,0
5.1,3,0,47,5,0,4,3,56.34,0,1
3.7,7,0,912,3,0,1,1,27.9,0,0
4.9,0,0,70,5,1,2,6,153.78,1,1
2.9,14,0,2216,5,0,4,2,144.97,0,0
2.1,3,0,435,3,1,5,1,75.35,0,1
8.0,5,1,34,3,1,1,57,717.43,0,2
8.4,12,0,3410,5,0,1,3,399.51,0,1
7.3,3,0,728,4,0,2,42,245.37,0,1
4.4,5,0,1137,5,1,4,52,2564.58,0,1
3.7,4,0,1584,4,1,3,2,43.83,0,1
0.9,13,1,1314,4,0,5,4,27.19,0,1
4.3,8,0,2268,2,0,1,3,198.45,0,0
2.2,9,0,2493,2,0,2,3,37.38,1,0
1.3,8,0,75,5,0,3,5,55.58,1,1
4.3,3,0,80,3,0,4,1,12.44,0,0
8.4,12,0,1639,1,0,4,3,135.64,0,0
1.2,13,0,1417,4,0,2,5,6.01,1,0
3.3,3,0,1654,4,0,5,3,47.24,1,1
2.4,11,0,139,2,0,3,3,53.35,1,0
4.9,7,0,2601,2,1,4,2,28.39,0,1
5.1,9,0,3401,3,0,3,4,3.91,0,0
2.7,14,0,1595,1,1,2,4,3.87,0,0
2.6,3,0,2592,4,0,5,4,17.83,1,1
5.6,1,1,3444,3,1,5,0,122.56,1,2
2.1,12,0,88,5,0,3,4,84.22,0,0
1.2,12,0,38,4,0,4,2,53.27,0,0
4.4,13,0,757,4,0,3,2,14.49,0,0
3.8,14,0,1762,3,0,4,5,91.08,1,0
4.0,1,0,62,3,1,3,3,3.67,0,1
6.1,0,1,63,3,0,5,2,1.5,0,2
5.7,4,0,425,3,1,2,5,37.92,0,1
3.8,14,0,755,4,0,1,2,24.07,0,0
3.5,5,0,3132,3,0,3,1,249.57,0,0
2.0,8,1,170,4,0,2,3,69.2,1,1
1.2,4,0,2224,2,1,3,3,649.44,0,0
3.8,12,0,79,2,0,2,1,23.99,0,0
5.3,5,1,347,5,1,4,3,113.31,0,2
6.4,5,1,1080,3,0,2,43,37.4,0,1
6.8,2,1,89,3,1,4,47,433.8,0,2
6.8,11,0,21,3,0,4,3,40.2,0,1
5.0,3,0,9,2,0,5,4,196.69,0,1
2.5,0,0,212,4,0,5,3,10.84,1,0
3.0,3,0,72,1,0,5,6,29.29,0,0
5.4,0,0,694,3,0,4,1,48.13,0,0
4.3,14,1,2652,3,0,3,3,363.26,0,1
5.8,4,1,993,5,0,4,5,2.02,1,2
3.8,10,0,3604,3,0,5,2,33.15,1,1
3.9,10,0,89,2,0,1,54,31.51,0,0
3.6,7,0,2071,3,0,3,2,2.42,0,0
3.0,7,1,1484,1,0,2,5,27.22,0,1
7.5,4,0,60,2,1,4,0,5.41,0,1
2.8,13,1,3518,1,1,3,1,1.66,0,1
4.7,9,0,3309,3,0,4,3,36.84,0,0
2.4,1,0,37,1,1,4,3,35.02,0,0
7.3,11,1,2794,3,1,5,51,37.81,0,2
1.8,5,0,1955,5,0,4,4,79.78,1,0
2.1,0,0,2031,4,0,5,4,14.6,0,0
5.9,6,1,2399,1,1,3,5,801.34,1,1
4.6,10,0,53,2,0,3,3,51.94,0,0
3.0,3,0,38,4,1,3,4,376.02,0,1
5.2,4,0,2875,5,1,3,0,4.39,0,1
3.6,5,0,1144,1,0,3,4,15.61,0,0
2.9,10,1,791,4,0,4,4,152.85,0,1
3.1,0,1,29,3,0,4,1,38.87,0,1
6.7,8,1,1381,3,0,4,5,10.92,0,1
5.5,9,0,82,5,0,3,2,3.46,1,1
4.9,3,0,30,4,0,3,57,163.99,0,1
4.0,7,0,1513,5,0,4,3,145.1,0,1
3.3,4,1,67,3,0,2,4,78.65,1,1
2.6,10,0,50,3,0,3,4,25.95,0,0
6.3,7,0,12,4,0,1,2,10.28,0,1
1.4,14,1,62,3,0,1,1,50.43,0,1
1.0,0,0,1899,3,0,2,5,7.59,0,0
5.1,7,0,2438,2,0,1,4,17.68,0,0
2.9,10,0,66,2,1,2,5,362.08,0,0
6.6,12,1,169,3,0,4,3,3.4,0,1
5.7,10,0,925,4,0,1,3,150.85,0,0
3.8,3,1,741,5,1,3,2,513.52,0,1
5.7,1,0,18,3,0,5,3,185.75,0,1
6.2,10,1,506,4,1,4,1,99.22,0,2
6.5,5,0,3375,2,0,3,51,27.24,0,1
3.2,1,0,31,5,1,5,4,20.72,0,1
1.0,4,1,2155,3,1,3,2,1.87,0,1
0.2,1,1,1167,4,0,1,5,57.71,0,1
6.2,2,0,1993,4,0,5,4,29.86,1,1
3.8,10,1,69,2,1,5,2,19.16,0,2
2.0,5,1,26,3,1,3,4,52.98,0,1
4.3,0,0,22,5,1,4,1,59.95,1,1
4.1,5,0,2983,1,0,4,4,21.05,1,0
4.2,2,1,11,4,1,2,2,613.77,0,2
3.1,6,0,2555,5,0,2,7,163.35,1,1
5.3,1,0,945,3,0,3,39,209.44,0,1
1.8,13,1,4,5,0,5,2,46.76,0,1
3.3,5,0,8,5,0,1,6,117.55,0,0
2.3,7,0,2736,4,1,4,1,14.25,0,1
5.3,14,1,1886,2,0,1,2,148.32,0,1
2.4,14,0,62,3,0,3,4,40.18,0,0
1.4,14,1,3284,1,1,4,7,11.79,1,1
4.6,0,1,509,4,1,4,5,52.77,0,2
4.5,10,0,2353,4,0,1,2,35.23,0,0
1.4,10,0,3581,4,0,3,4,1780.42,0,0
6.0,12,0,29,3,0,4,5,104.91,1,1
4.1,8,0,2688,1,0,1,2,583.81,1,0
2.9,4,0,3103,4,0,2,2,297.95,0,0
0.6,4,0,84,4,0,4,1,57.78,1,0
5.4,12,0,3398,5,0,3,1,28.06,1,1
4.4,11,0,28,4,1,2,3,4.01,1,1
4.7,4,0,1443,4,0,3,4,14.78,0,0
5.0,5,0,2125,4,0,5,2,147.54,0,1
0.9,1,0,2970,4,0,1,1,34.7,0,0
3.1,5,0,56,3,0,4,54,95.94,1,1
6.2,13,0,769,5,0,1,54,2.6,1,1
1.5,10,0,34,4,0,1,40,107.8,0,0
3.7,3,0,712,3,0,2,2,282.8,0,0
1.4,7,1,1528,1,0,3,2,3.81,0,0
5.2,12,0,308,2,0,5,1,95.33,0,1
3.8,10,0,59,3,0,3,4,409.65,0,0
5.2,8,0,2518,2,1,4,2,678.67,0,1
4.9,8,0,2,2,0,3,2,25.66,0,0
7.1,7,0,1574,3,0,2,2,175.9,1,1
7.3,2,1,2952,2,0,3,4,466.23,0,1
1.2,9,0,2548,4,1,4,8,99.69,1,1
4.6,10,1,780,3,1,5,2,375.26,0,2
7.3,10,0,2119,3,0,5,3,51.74,0,1
4.1,3,0,36,2,1,3,3,98.64,0,1
8.0,0,0,2662,3,0,4,0,21.49,1,1
3.3,8,0,59,3,1,2,3,42.65,0,1
5.8,4,0,2437,4,0,4,53,104.65,0,1
7.7,5,0,2545,4,0,5,7,19.2,0,1
1.9,2,0,464,2,0,1,3,39.04,0,0
3.5,10,0,51,4,0,3,2,170.94,0,0
7.6,9,0,2012,2,0,4,0,1186.59,0,0
4.8,7,0,36,5,0,4,41,2.52,0,1
5.1,14,0,40,5,0,2,2,1058.77,0,1
6.0,6,0,56,3,0,5,2,36.97,0,1
3.6,0,1,3098,4,0,4,3,232.14,1,1
5.3,9,0,36,4,1,2,2,311.57,0,1
4.7,11,0,39,4,1,1,61,570.63,1,1
2.8,4,0,84,4,1,4,5,18.32,0,1
3.6,9,1,45,5,1,1,2,38.94,0,2
7.9,8,0,1594,3,1,2,2,50.38,0,1
2.3,11,0,3547,4,0,4,49,31.94,0,0
6.4,10,0,8,4,0,4,40,394.71,1,1
4.3,11,0,3264,4,0,4,1,48.66,1,1
5.9,5,0,1489,4,0,3,3,4.82,0,1
6.0,7,0,2424,2,1,4,1,21.13,0,1
4.6,9,1,1595,3,0,5,48,5.12,0,1
2.9,0,0,18,2,1,3,5,38.76,0,0
7.2,9,0,339,3,0,4,3,149.73,0,1
6.2,10,0,47,3,1,5,2,20.46,0,1
4.5,6,0,15,5,0,4,1,29.83,0,1
4.4,2,0,3622,4,0,4,4,36.16,0,1
2.2,8,0,2437,4,1,2,5,67.43,0,0
5.6,5,0,55,3,0,3,37,118.41,0,1
7.2,4,0,1196,4,0,4,6,183.26,0,1
2.0,7,0,2946,4,0,4,5,1608.85,0,0
2.2,7,0,547,4,0,5,4,65.71,0,0
3.9,11,0,2828,2,0,1,4,164.63,0,0
2.5,11,0,3459,3,0,1,55,5.05,0,0
3.8,2,1,1477,4,0,1,3,30.91,1,1
3.7,1,0,64,3,0,4,6,36.39,0,0
2.1,14,0,61,5,0,2,3,11.87,0,0
7.5,1,1,6,5,1,4,1,24.43,1,2
2.0,13,0,1629,5,1,3,51,46.47,0,1
3.8,4,1,2245,4,0,3,3,25.61,1,1
2.5,9,0,3477,5,0,2,60,2704.71,0,0
6.7,11,0,3275,4,0,5,2,117.73,0,1
4.2,6,0,10,2,1,4,2,1098.32,0,1
4.2,7,1,48,3,1,5,1,512.33,0,2
7.3,9,0,10,2,1,4,4,20.93,0,1
3.3,14,1,1337,1,0,2,3,57.76,0,1
4.7,7,0,3423,2,0,2,5,28.44,0,0
2.4,12,1,3412,1,0,5,2,42.83,0,1
3.9,11,0,2663,4,0,4,2,12.62,1,1
5.2,7,0,2847,3,0,1,1,28.15,1,0
2.1,14,1,215,3,0,4,5,93.62,0,1
3.4,9,1,1319,4,1,3,4,89.99,0,1
4.7,11,0,3301,4,0,3,3,79.85,0,0
1.5,10,0,3223,5,1,2,5,49.92,0,0
5.2,2,0,1396,4,0,5,2,198.56,1,1
4.6,13,0,2191,3,1,1,4,37.13,0,0
3.1,10,0,2483,3,1,3,1,440.24,1,1
4.1,1,0,10,2,1,3,0,3.42,1,1
7.8,12,0,43,2,1,2,3,146.24,0,1
1.6,3,1,3305,3,1,3,3,113.59,0,1
3.8,14,0,1549,5,0,1,6,19.85,0,0
7.9,0,0,76,1,0,3,2,32.05,1,1
2.4,2,0,60,2,1,5,4,109.64,0,1
3.1,10,0,66,2,1,3,2,215.7,0,1
6.1,8,0,941,4,1,3,1,3.96,0,1
4.4,6,0,10,3,0,3,5,140.1,0,1
3.6,6,0,10,3,0,4,4,27.48,1,0
1.7,0,1,84,2,1,5,1,295.28,1,2
5.8,6,0,84,3,1,2,2,3.46,0,1
7.8,9,1,3029,2,0,5,5,2138.69,0,2
3.9,6,1,16,3,0,4,1,14.45,1,2
5.8,3,1,724,1,0,4,3,466.35,0,1
2.9,6,0,1741,4,0,1,5,49.22,0,0
2.5,7,0,758,3,0,1,2,15.99,0,0
1.5,2,0,63,4,0,4,2,81.26,0,0
4.8,12,0,74,3,1,5,54,255.62,0,1
6.7,9,0,76,3,0,4,2,5.32,0,1
3.6,1,0,64,1,0,2,3,156.39,0,0
5.7,6,0,571,3,1,1,2,53.61,0,1
3.5,4,0,8,3,1,4,4,129.74,0,1
5.3,4,0,76,3,1,4,48,55.5,0,1
3.8,13,1,1351,4,0,2,4,23.15,0,1
0.8,4,0,2422,4,1,1,5,10.28,0,0
2.4,14,0,40,4,0,3,3,149.75,0,0
3.0,6,0,44,2,1,4,1,148.55,0,0
3.7,8,1,46,4,0,4,1,147.44,0,1
4.9,10,0,881,1,0,5,2,103.69,0,0
1.3,7,0,1767,4,0,4,3,225.21,0,0
1.5,5,0,328,3,0,2,5,449.94,0,0
3.5,6,0,2878,2,1,4,2,3.27,0,1
6.6,8,0,2782,5,0,5,1,1.63,0,1
4.7,13,1,79,4,0,5,7,718.32,0,2
1.9,10,1,1678,3,0,5,5,7.3,1,1
1.1,5,1,971,1,0,3,2,10.7,0,0
3.0,0,1,2744,3,1,4,2,35.47,0,1
3.9,3,0,2325,5,1,5,2,4.57,0,1
6.4,7,1,977,3,1,4,2,30.8,1,2
1.5,6,0,1369,5,0,3,1,13.17,1,0
5.6,2,0,3,2,0,5,59,38.47,0,1
2.4,9,0,1013,3,0,3,2,83.08,0,0
6.8,2,0,33,4,0,2,6,32.61,0,1
5.6,10,0,2667,3,0,2,6,30.23,0,0
5.5,2,0,62,1,1,4,2,80.4,1,1
6.2,11,0,2529,3,0,3,5,261.5,0,0
2.9,14,1,1771,4,0,1,1,604.53,0,1
7.3,0,0,9,4,0,4,3,39.34,1,1
3.6,14,0,1939,4,0,4,5,843.31,0,0
5.3,9,1,1366,4,1,4,2,203.38,0,2
7.0,0,0,761,4,0,2,2,8.6,0,1
0.9,5,1,86,2,0,4,0,8.23,0,1
6.1,13,0,3337,3,0,1,3,22.97,0,0
5.8,13,1,87,4,1,3,5,476.71,0,2
5.6,0,0,23,5,1,3,2,25.74,0,1
2.0,4,0,84,1,1,5,4,3.19,0,0
2.2,3,0,1402,3,0,3,1,38.73,0,0
3.5,4,0,1163,3,0,1,4,2.8,0,0
4.0,6,1,55,2,0,3,47,11.22,0,1
3.0,5,0,81,3,1,3,5,22.63,1,1
6.6,11,0,2989,4,1,5,48,68.34,1,1
0.2,8,0,1998,1,1,5,0,253.72,0,0
3.3,5,1,3384,4,0,2,1,154.66,0,1
1.6,8,0,88,4,1,2,53,9.31,0,1
7.3,3,1,2012,5,0,2,3,31.26,0,2
4.7,0,0,64,2,1,4,44,61.23,1,1
3.6,0,0,624,3,0,1,0,36.84,1,0
1.9,9,0,3040,3,0,2,52,36.45,1,0
4.7,6,1,3537,3,0,3,5,4.12,1,1
1.5,12,1,28,3,0,2,1,9.69,0,1
4.5,12,0,37,4,0,1,57,29.83,0,0
7.2,12,0,21,1,1,3,4,0.53,1,1
7.0,2,1,7,5,0,3,2,142.73,1,2
2.2,1,0,62,4,0,3,7,6.97,1,0
6.8,13,0,646,4,0,5,2,152.97,0,1
0.7,5,0,26,4,0,2,43,134.07,0,0
3.3,5,0,445,3,1,3,2,24.15,0,1
2.3,12,0,17,4,0,5,2,244.89,0,1
0.6,6,0,76,3,0,5,5,166.47,0,0
5.6,4,0,3078,5,1,3,3,34.35,1,1
6.3,7,1,664,2,1,4,0,29.0,1,2
6.1,6,0,118,2,0,1,0,283.11,0,0
4.6,1,1,10,3,1,4,1,77.33,0,2
4.6,14,0,454,3,1,5,5,261.66,0,1
7.7,0,0,2745,3,1,3,47,1.52,0,1
3.1,12,0,50,3,0,3,1,63.29,0,0
4.8,13,1,3427,5,1,2,5,5.12,0,2
2.6,8,0,1404,3,0,4,3,52.53,1,0
6.2,4,1,5,3,0,4,5,159.29,0,2
6.0,11,0,1266,2,0,4,5,741.53,0,1
4.5,10,0,308,3,0,1,2,13.37,0,0
4.6,4,1,10,3,1,3,4,24.81,1,2
3.9,11,0,697,4,0,4,1,47.31,1,1
4.6,9,0,10,2,0,2,2,12.66,1,0
1.0,3,1,1629,2,0,2,4,236.95,0,0
4.8,1,0,3523,3,0,3,5,49.15,0,0
7.5,4,0,83,3,1,4,1,65.56,1,2
2.9,1,1,58,3,0,4,41,138.42,0,1
4.5,11,0,20,4,0,5,1,49.03,0,1
3.5,6,1,1058,3,1,3,49,16.02,0,2
2.7,10,0,1590,3,1,5,1,49.67,1,1
5.9,8,1,29,4,0,4,2,15.12,1,2
3.0,8,0,83,2,0,3,2,64.2,0,0
5.8,10,1,56,4,1,1,46,243.57,0,2
4.3,5,0,79,3,1,3,2,9.37,1,1
1.3,0,0,72,3,1,5,46,5.48,0,1
2.4,12,0,706,4,1,3,4,58.78,0,0
4.3,5,0,315,2,1,3,6,17.26,0,1
3.4,4,1,2508,5,1,2,6,57.26,0,1
3.3,3,1,117,3,1,5,45,88.29,0,2
3.9,11,0,3145,4,0,3,1,2.19,0,0
2.6,5,1,1084,5,0,3,2,153.66,0,1
1.9,5,0,105,4,0,3,5,9.45,1,0
4.8,13,0,29,4,0,3,5,52.8,0,1
0.1,5,0,54,4,1,3,2,20.31,1,0
3.0,1,0,6,3,1,3,5,23.86,0,1
4.7,14,0,655,3,1,5,4,692.94,0,1
6.8,13,1,3449,1,1,5,3,88.14,0,2
3.5,6,0,59,1,0,4,56,212.09,0,0
7.5,13,0,2175,4,1,2,2,68.47,0,1
1.9,3,0,543,1,0,4,2,138.38,0,0
4.9,12,1,11,2,0,2,54,102.11,1,1
3.6,14,0,12,4,0,2,3,79.97,0,0
1.6,11,0,71,1,1,5,6,287.36,0,0
5.8,8,0,79,2,0,5,1,69.04,0,0
3.8,9,1,967,3,1,4,4,1681.97,0,1
1.5,1,0,334,3,0,5,1,230.63,0,0
5.0,4,1,1984,4,0,5,2,9.88,0,1
1.1,13,0,1446,3,0,4,4,41.9,0,0
5.5,3,1,1032,3,0,4,2,99.05,0,1
2.3,8,0,3557,4,1,4,57,58.37,0,1
8.7,3,0,2958,3,0,2,6,152.98,0,1
2.7,7,0,2644,4,1,2,4,180.46,0,0
3.7,7,0,2042,5,1,4,1,7.1,0,1
4.8,5,0,1,3,1,3,1,373.01,0,1
2.7,5,1,3282,3,0,2,3,25.91,0,1
6.3,10,1,71,1,1,3,3,22.33,0,2
4.2,7,1,1835,4,0,3,3,22.23,0,1
0.7,11,0,499,1,0,5,4,183.62,0,0
1.3,12,0,39,3,0,4,0,36.58,1,0
6.6,11,0,2205,4,1,3,3,20.18,0,1
3.6,9,0,31,3,0,5,3,28.91,0,1
3.6,8,1,37,2,0,5,2,3.7,0,1
3.5,14,0,78,4,0,3,5,15.44,1,1
2.0,4,1,1586,2,0,5,2,8.5,1,1
3.5,10,0,2867,4,0,3,4,36.46,0,0
3.5,0,1,2886,4,1,2,3,147.86,0,1
8.5,0,0,3080,2,0,2,1,125.31,0,1
4.3,14,1,53,5,1,4,1,359.65,0,2
4.0,1,0,75,2,1,3,57,257.49,0,1
3.8,9,0,12,5,1,4,41,24.71,0,1
4.0,9,1,3414,1,0,4,3,56.18,0,1
3.5,4,0,494,2,0,1,7,52.0,0,0
5.4,3,0,13,2,0,1,2,2.17,0,0
3.4,0,0,16,1,0,3,4,8.79,1,0
6.7,3,0,23,4,1,2,2,42.48,0,1
3.3,3,0,304,4,0,4,2,42.13,0,0
6.0,9,0,62,4,1,4,50,117.74,0,2
6.4,3,0,33,2,1,4,1,109.45,0,1
2.7,0,0,50,3,0,3,2,3.83,1,0
1.3,8,0,1327,4,1,4,4,118.85,0,1
7.4,13,0,1211,3,0,5,2,71.37,0,1
3.3,2,1,2665,4,0,5,2,139.08,0,1
4.2,12,1,3053,4,1,5,0,270.51,0,1
2.4,3,0,755,2,1,4,1,44.07,0,0
2.7,4,0,2847,4,0,2,3,353.68,0,0
7.0,12,0,89,4,0,4,4,14.38,0,1
6.8,12,1,2672,4,0,5,3,13.22,0,2
4.6,6,0,643,2,0,2,4,103.87,0,0
3.5,5,0,29,2,1,3,3,31.4,0,0
5.3,4,0,417,3,1,2,58,80.84,0,1
2.8,7,0,4,2,1,4,1,1085.15,0,1
4.4,13,0,31,2,1,3,3,98.52,0,1
2.0,0,0,15,4,0,1,0,75.06,1,0
1.8,6,0,72,4,0,5,55,14.82,0,1
4.7,11,0,1145,3,0,4,4,4.26,0,0
4.4,5,0,746,2,1,3,2,48.97,0,1
4.2,10,1,2943,5,1,3,1,270.51,0,2
3.1,4,0,2026,2,1,3,45,33.64,0,0
4.7,6,0,36,4,0,3,5,99.7,0,1
2.8,2,0,3056,5,0,3,6,463.94,0,0
0.7,0,0,2826,4,1,3,4,446.87,0,0
3.7,8,0,42,5,0,4,0,103.88,0,1
1.7,1,0,3338,4,1,4,4,70.47,0,0
5.6,12,1,1174,2,0,3,2,5.6,1,1
7.0,9,0,1702,2,0,3,2,21.21,0,1
8.0,14,0,43,3,1,5,46,35.83,0,1
3.9,2,0,89,1,0,1,3,15.2,0,0
2.4,7,0,2735,4,1,1,3,79.26,0,0
4.2,11,1,2144,2,1,4,4,960.52,0,1
3.9,9,0,43,4,0,4,1,532.0,1,1
4.4,8,0,174,3,1,2,1,78.71,0,1
6.2,12,1,69,3,0,4,2,175.77,0,2
3.1,2,1,73,5,0,4,3,18.3,0,2
4.3,5,0,1511,2,1,5,3,490.85,0,1
2.1,6,0,2025,4,0,2,5,5.24,0,0
3.6,14,0,5,4,0,4,3,214.7,0,1
8.2,0,0,82,2,1,1,65,114.82,0,1
2.5,13,1,1160,3,0,4,51,17.57,0,1
5.8,6,0,3502,3,1,4,46,39.92,0,1
3.4,3,0,17,4,1,3,2,9.96,0,1
5.8,4,0,27,4,0,5,5,10.62,0,1
5.8,7,0,1591,3,0,1,47,5.02,0,0
2.1,3,0,2563,4,0,3,1,172.65,0,0
5.3,14,1,79,2,0,2,4,332.96,0,1
1.3,3,0,825,4,1,4,10,2.13,0,1
1.6,7,0,57,5,1,1,3,860.45,0,0
3.9,14,1,2652,5,0,5,3,53.62,0,2
6.9,4,0,1242,4,0,5,7,84.33,0,0
4.8,12,1,1362,3,1,5,4,6.0,0,2
2.3,5,0,35,5,0,2,2,395.93,0,0
0.7,11,0,1952,3,1,4,5,73.73,0,0
5.2,10,0,220,4,1,1,3,301.34,0,1
3.8,13,1,1853,2,0,5,2,340.8,0,1
4.1,4,0,1802,5,0,4,5,404.36,0,0
4.7,0,0,74,4,1,3,3,20.65,0,1
6.1,6,1,912,4,0,4,5,39.97,0,2
3.7,5,0,632,1,0,1,4,21.81,0,0
7.1,1,0,2203,4,1,3,2,209.06,0,1
2.4,10,0,2855,4,1,3,3,89.96,0,1
1.1,6,0,3262,4,0,5,2,271.43,0,0
6.4,5,0,77,2,0,5,4,289.78,1,1
1.6,4,0,2168,3,0,4,3,4.09,0,0
4.1,7,1,974,2,0,5,2,414.12,1,1
7.0,4,1,280,3,0,3,3,227.3,1,2
1.0,10,0,504,2,0,5,2,31.38,1,0
5.1,1,1,1928,3,0,3,3,92.27,1,1
1.0,5,0,26,2,0,4,69,45.35,0,0
4.0,13,0,55,2,0,4,53,137.56,0,0
0.2,11,0,1,1,0,1,4,31.28,0,0
1.6,0,0,1159,5,0,3,2,111.99,0,0
2.4,4,1,50,3,0,1,52,60.4,0,1
0.9,13,0,18,3,1,5,39,28.55,1,1
5.3,5,0,464,3,0,2,1,72.62,0,0
4.6,14,0,3407,4,1,3,2,3164.35,0,1
6.9,6,0,647,5,1,4,1,19.52,0,1
1.7,13,0,1370,2,0,2,1,37.53,0,0
3.3,1,0,3513,2,1,3,4,20.04,0,0
1.2,0,0,4,5,0,4,0,23.46,0,1
2.7,5,1,1686,3,0,2,3,185.61,1,1
7.3,2,0,77,1,0,4,42,159.78,0,1
5.4,4,0,1450,2,0,3,1,54.12,0,0
1.5,11,0,1414,1,0,2,2,254.54,0,0
0.5,14,1,1190,5,0,4,2,179.5,1,1
0.4,10,0,1624,2,1,3,0,42.8,0,0
5.5,12,1,45,5,1,5,50,5.47,0,2
2.3,14,1,1792,5,0,5,3,189.55,1,2
8.7,1,1,75,3,0,3,3,70.42,0,2
4.2,14,1,121,1,0,3,3,56.45,0,1
2.4,0,1,1721,1,0,3,1,27.14,0,1
1.3,0,0,147,3,1,3,3,166.83,0,0
6.0,12,1,1217,3,0,3,4,92.09,1,1
2.7,10,0,401,4,0,5,2,38.27,0,1
4.8,3,1,64,3,1,3,2,8.69,1,2
3.9,9,0,56,5,1,2,7,270.94,0,1
3.9,12,0,2091,3,0,3,45,135.28,0,0
5.8,1,0,2827,4,0,1,10,80.09,0,0
1.4,0,0,1487,5,0,4,55,1.01,0,0
4.4,5,0,1872,2,0,3,0,51.58,0,0
3.2,13,0,43,2,0,3,57,38.02,0,0
5.6,3,1,66,2,0,3,3,21.59,0,1
6.0,9,0,69,2,1,5,3,169.25,1,1
1.9,12,0,1502,3,0,1,3,159.54,0,0
5.2,11,1,44,3,0,5,4,105.13,0,1
1.5,14,0,10,3,0,3,1,259.0,0,0
3.5,6,0,891,5,0,5,3,11.78,0,0
4.0,10,0,328,2,0,4,48,27.65,0,0
5.7,5,1,1865,3,0,2,2,61.08,0,1
5.5,4,0,1408,1,0,5,47,21.48,1,1
1.5,9,0,201,3,0,4,2,162.51,1,0
5.2,11,0,3249,3,0,1,1,24.95,0,0
4.0,12,0,2613,5,0,2,2,382.82,1,0
7.8,11,0,74,3,0,4,5,13.51,0,1
2.6,11,1,87,1,0,4,3,1336.72,1,1
3.0,11,1,4,3,0,4,1,1145.9,0,1
8.3,1,0,62,2,0,4,1,47.36,0,1
6.4,4,0,3005,2,1,4,5,304.68,1,1
1.4,8,1,47,4,1,4,2,29.94,0,1
3.3,8,0,671,1,0,4,3,249.62,0,0
4.9,1,0,24,3,1,3,5,41.93,0,1
5.9,6,0,309,4,0,5,0,7.94,0,1
2.1,9,0,3392,3,1,1,5,0.27,0,0
7.1,13,1,2939,1,0,3,3,36.49,0,1
1.1,3,0,2956,5,0,4,47,82.98,1,0
1.8,12,0,24,3,0,3,2,401.61,0,0
6.8,12,0,438,4,0,1,3,57.68,0,0
3.8,2,1,33,3,1,1,4,245.76,0,2
4.1,10,0,541,3,0,4,56,27.64,0,0
5.3,0,0,2279,3,0,5,3,32.92,0,0
2.2,2,0,31,3,0,4,2,265.35,1,0
1.2,10,0,178,1,0,3,45,1.35,0,0
4.8,8,0,8,3,0,3,6,55.67,0,0
5.6,13,0,1249,5,0,3,5,29.97,0,1
4.1,14,0,2132,4,0,1,0,420.28,1,1
3.2,8,0,1964,2,1,3,1,24.72,0,0
1.7,6,1,612,3,0,3,3,118.5,0,1
3.1,2,0,2797,5,0,2,5,217.52,1,0
8.1,12,0,3088,4,0,1,1,5.82,0,0
3.3,2,0,17,2,1,4,43,44.3,1,1
3.3,3,0,531,5,0,5,5,28.58,1,1
3.7,6,0,127,3,0,5,1,225.75,0,0
3.1,6,1,15,3,1,4,3,150.3,0,1
6.8,11,1,20,3,0,1,2,38.48,0,1
5.6,11,0,9,5,0,4,5,11.35,1,1
2.7,13,0,2650,5,0,2,4,259.1,0,0
3.3,1,0,3521,5,1,4,1,49.33,0,1
3.6,11,0,1690,1,1,4,6,4.82,0,1
4.0,14,0,3162,5,1,4,58,5.48,0,1
2.5,4,0,18,1,0,5,2,105.26,0,0
2.6,6,1,63,2,0,4,48,8.05,0,1
6.9,6,0,39,3,0,4,1,888.44,0,1
7.3,5,0,1650,3,1,3,3,13.39,0,1
2.7,9,1,8,4,1,5,3,54.57,0,2
3.2,9,0,483,3,0,2,3,69.32,0,0
5.3,11,0,1163,5,1,5,3,18.28,0,1
1.0,7,0,485,2,0,3,4,1.9,0,0
6.6,2,0,1866,2,0,2,50,72.7,0,0
2.4,14,1,2169,5,0,5,3,17.64,0,1
5.0,0,1,14,1,0,1,3,65.03,0,1
0.8,2,1,67,4,0,5,4,45.45,0,1
5.2,10,1,3395,4,0,3,3,81.04,1,1
5.0,1,0,3187,3,1,5,37,568.39,0,1
4.8,1,1,3595,4,1,4,3,24.06,1,2
1.9,13,1,89,2,1,4,3,27.02,0,1
2.7,13,0,642,5,1,3,2,4.49,0,1
4.2,1,0,76,2,0,1,3,40.74,0,0
2.6,4,0,46,3,0,5,3,100.97,0,0
2.2,12,0,16,1,1,2,4,26.44,0,0
6.5,0,0,2335,3,0,3,7,101.97,0,1
0.5,9,1,53,4,1,4,3,41.84,0,1
7.0,3,1,51,5,1,3,4,7.74,0,2
1.8,13,0,1829,4,1,2,3,87.18,0,1
4.6,9,0,783,3,0,2,4,40.1,0,0
4.5,4,1,3532,5,0,2,4,65.64,0,1
1.9,1,0,2284,3,1,5,54,23.33,0,0
2.7,4,0,1829,3,1,1,3,20.43,0,0
5.7,9,1,65,3,1,5,44,69.14,0,2
3.4,14,1,51,3,0,2,28,38.63,0,1
8.6,3,1,2907,4,0,2,1,725.18,0,1
2.3,7,0,72,2,1,4,2,180.93,0,0
2.4,0,0,1285,3,1,1,2,123.66,0,0
1.7,14,1,702,4,0,4,4,41.84,1,1
2.5,11,0,2836,5,0,5,2,2.61,1,1
3.7,4,1,1428,5,1,1,2,16.26,0,2
8.8,13,0,465,3,0,4,3,20.68,0,1
2.5,13,0,45,4,1,3,2,36.14,0,1
0.6,10,0,1010,3,0,2,51,51.93,0,0
2.9,11,0,1,3,0,2,3,146.07,0,0
3.7,9,1,2947,5,1,5,46,82.25,0,2
6.9,0,0,1533,5,0,2,2,310.69,0,1
4.0,9,1,51,5,0,5,2,34.2,1,2
2.9,9,1,1509,2,0,3,5,80.3,1,1
2.4,3,0,76,5,1,1,60,91.45,1,1
5.1,7,1,81,5,0,3,2,78.93,0,1
3.7,0,0,1095,3,0,5,3,373.47,1,0
5.1,10,1,36,3,1,4,49,182.3,0,2
1.6,14,0,23,4,0,3,4,7.55,0,0
3.1,1,0,681,3,0,5,3,45.99,1,0
5.6,0,0,1304,5,0,2,60,53.47,1,1
1.1,10,0,1,3,1,5,41,1376.52,0,0
1.8,6,1,32,4,0,5,1,33.29,0,1
3.4,1,0,1398,4,0,4,3,12.51,0,0
6.5,0,0,85,3,0,5,54,105.37,0,1
7.3,14,0,76,5,1,3,59,115.06,1,2
2.0,11,1,479,3,1,4,3,48.88,0,1
5.4,5,0,249,3,0,4,2,39.24,0,0
7.2,5,0,981,2,0,3,0,226.64,0,0
5.5,9,0,42,3,1,4,0,15.17,0,1
4.0,1,0,3320,4,0,3,2,32.74,1,0
4.3,14,1,1559,5,1,3,4,24.95,0,2
2.3,0,1,8,2,0,3,2,281.7,0,1
2.7,13,1,76,3,1,2,4,83.78,1,2
3.2,9,0,2660,2,0,3,1,11.05,0,0
3.1,2,1,2869,4,1,5,3,12.85,1,2
3.0,9,0,2292,5,0,3,3,906.98,1,1
1.7,13,1,428,4,0,4,47,277.22,0,1
7.1,4,0,2066,4,0,2,42,192.93,0,0
3.6,5,0,3526,3,0,3,4,55.61,0,0
3.0,2,0,67,1,0,2,39,524.64,0,0
1.3,8,0,20,4,0,2,1,10.43,0,0
5.1,10,0,1687,4,1,4,1,168.92,0,1
2.3,4,1,3309,4,0,4,46,28.08,0,1
2.6,12,0,988,5,1,2,3,37.59,0,1
2.6,1,1,1257,4,0,3,6,162.18,0,1
5.3,9,0,192,4,0,5,5,44.02,0,1
4.5,5,0,57,5,0,2,3,28.44,0,1
0.8,11,1,182,5,1,1,3,25.98,0,1
6.5,7,0,1064,3,1,4,51,2.77,0,1
4.9,10,0,68,2,0,1,2,171.54,0,0
4.0,5,1,5,3,1,5,41,12.06,0,2
2.1,3,0,208,4,0,4,55,886.8,1,1
6.1,5,0,2122,1,0,3,6,35.47,0,0
3.8,7,1,27,1,0,3,1,389.23,0,1
2.7,7,0,17,1,0,4,4,3.62,0,0
1.4,12,1,1624,4,0,1,4,163.57,0,1
3.5,9,0,3191,3,1,5,1,240.53,0,1
6.7,1,0,3009,3,0,4,39,385.81,0,1
2.9,7,0,1479,2,1,2,2,5.52,0,0
1.2,5,1,2937,4,0,4,4,19.03,0,1
2.9,1,0,44,3,0,2,1,129.64,0,0
2.7,0,1,564,2,1,1,3,68.21,0,1
3.9,5,0,15,4,1,4,8,84.78,1,1
2.1,12,0,3553,3,1,4,45,31.8,0,1
2.5,6,1,13,3,0,4,46,559.03,0,1
1.2,13,0,2941,4,1,2,4,2731.75,1,0
4.7,13,0,82,2,1,4,6,63.81,0,1
2.4,9,0,144,4,0,1,2,107.78,0,0
2.0,4,0,33,2,0,4,4,59.4,0,0
6.0,13,0,59,2,0,4,1,374.68,0,1
6.7,9,0,12,4,0,4,1,189.36,0,1
4.7,7,0,401,4,0,5,2,11.03,0,0
7.0,10,0,43,2,1,5,2,21.78,0,1
6.1,12,0,3250,2,0,5,4,12.01,0,0
3.5,11,0,3373,4,1,5,3,3109.55,0,1
1.7,8,1,1046,4,1,4,1,141.59,0,1
2.8,3,1,2455,3,0,5,5,22.34,0,1
2.3,6,0,1990,4,0,5,6,19.82,0,0
5.1,7,0,67,2,0,4,3,182.7,1,1
3.2,12,1,59,3,1,1,41,212.17,0,1
0.8,5,0,3248,1,1,1,3,180.76,0,0
3.0,1,0,15,3,0,5,5,28.84,0,0
2.0,6,0,1353,1,1,3,48,86.38,0,0
3.7,12,1,53,3,0,5,3,64.48,0,1
5.9,8,0,2837,3,1,3,4,13.4,0,1
1.3,4,1,35,3,0,3,3,13.6,0,1
6.6,14,1,3274,1,0,4,3,101.29,0,1
3.9,1,0,2872,3,0,5,3,73.31,0,1
5.1,3,1,25,4,0,1,0,125.21,0,1
2.4,2,0,55,3,0,5,0,178.85,1,0
3.5,3,0,89,4,1,4,3,517.53,0,1
6.6,9,0,3345,3,0,3,49,17.05,0,1
6.3,6,0,72,3,0,3,6,140.52,1,1
3.9,9,0,68,3,0,1,2,167.97,0,0
3.1,7,0,322,5,1,1,5,34.19,0,1
4.4,0,0,2191,2,1,3,2,65.55,0,0
4.3,12,0,1,1,1,1,3,35.52,0,1
7.1,7,0,52,4,0,2,0,1290.63,0,1
2.3,4,1,2227,5,0,5,2,63.9,0,1
2.3,11,0,1851,5,1,4,4,107.47,1,1
3.1,6,0,19,3,0,4,3,36.75,0,0
1.7,10,0,1548,3,0,2,6,26.59,0,0
4.8,10,0,74,4,0,5,4,7.74,0,1
1.0,0,0,66,3,1,5,60,284.24,0,1
7.4,1,0,3430,4,1,3,5,172.89,0,1
4.5,0,0,65,5,1,5,5,34.76,0,1
5.4,4,0,2067,4,0,5,0,14.15,0,0
0.8,13,1,2503,3,0,4,4,71.51,0,0
5.2,13,1,2488,3,1,4,2,25.88,0,2
4.5,5,0,16,4,0,2,3,39.13,0,0
4.7,9,1,51,3,0,3,47,8.2,0,1
3.5,8,0,1272,3,0,1,2,75.61,0,0
5.4,7,0,4,1,0,1,47,77.91,1,1
2.0,6,1,931,2,0,2,2,282.05,0,1
4.7,11,0,60,3,0,5,6,43.55,0,1
1.3,4,0,15,4,0,2,1,33.1,0,0
1.4,13,0,66,2,0,5,2,5.28,0,0
7.4,14,0,710,3,1,4,3,284.7,0,1
2.2,2,0,1019,3,0,2,4,208.35,0,0
1.8,8,0,47,2,0,3,1,57.0,0,0
6.5,12,0,3566,5,1,2,56,7.43,0,1
6.5,4,0,49,5,1,5,2,8.83,0,2
2.9,2,1,84,1,0,5,2,24.03,1,1
8.8,2,0,2707,4,1,1,3,232.26,0,1
2.6,2,1,1064,3,0,5,3,84.39,1,1
6.3,13,0,21,5,0,4,0,5.81,0,1
4.4,5,1,53,3,0,1,40,100.11,0,1
2.8,0,1,2943,2,0,4,4,15.51,1,1
5.6,10,0,1779,3,1,4,4,24.95,0,1
1.2,3,0,665,4,0,2,0,234.54,1,0
4.1,12,0,40,2,0,4,3,172.13,0,0
3.2,7,1,2914,4,1,1,4,281.36,1,1
5.5,2,0,34,1,0,3,2,52.74,0,0
4.1,4,0,1401,5,1,1,1,205.31,0,1
4.8,1,0,21,1,1,5,2,22.66,0,1
5.4,14,1,47,5,0,4,4,37.1,0,2
3.3,1,0,251,3,1,2,3,33.47,0,0
4.4,10,0,2027,3,0,3,2,56.59,1,1
7.8,12,0,748,5,0,2,2,7.93,0,1
4.2,6,1,79,5,0,4,54,38.96,0,2
3.2,9,0,2987,4,0,1,2,481.78,0,0
6.0,2,0,1662,2,0,5,50,10.6,0,1
3.2,4,0,29,3,0,5,1,7.43,0,0
7.7,2,0,613,3,0,4,5,8.39,0,1
6.8,5,1,93,3,0,2,1,2959.54,0,1
2.8,12,0,59,3,1,3,3,109.65,0,0
3.0,9,0,86,1,1,3,3,36.4,0,1
5.8,2,1,71,4,1,4,2,60.49,0,2
6.7,7,1,80,4,1,4,2,76.82,1,2
6.1,1,0,3295,2,0,4,51,20.89,0,0
3.7,2,0,1712,3,0,3,4,25.13,0,0
4.0,7,1,3523,3,0,5,3,43.1,0,1
3.5,7,0,38,4,1,1,0,18.41,0,1
3.8,0,1,3378,1,0,3,2,30.1,1,1
2.7,7,1,967,4,0,4,39,92.72,1,1
8.1,9,0,1181,2,1,1,1,12.23,1,1
5.2,1,1,28,3,1,4,46,2737.84,0,2
5.0,11,0,3152,4,0,5,33,168.97,0,1
6.6,6,0,3001,4,0,4,2,8.12,0,1
1.0,5,0,1256,2,1,1,3,1.33,0,0
5.3,1,1,11,3,0,2,2,19.47,0,1
6.8,4,0,24,5,0,3,3,152.4,0,1
1.6,6,0,1764,2,0,2,3,113.94,0,0
6.6,7,1,3,5,0,5,2,46.23,0,2
5.3,2,0,2916,4,1,4,4,22.15,0,1
4.1,0,0,1307,4,0,3,2,14.07,0,0
3.9,12,1,14,2,0,5,3,29.85,1,2
2.0,6,1,1780,2,0,4,2,11.96,0,1
0.7,12,1,78,5,0,3,2,30.01,1,1
6.2,4,1,89,3,0,3,45,401.99,0,2
1.7,4,0,819,1,1,2,3,17.17,0,0
2.7,6,0,473,4,0,5,3,136.5,0,0
8.5,0,0,75,2,0,3,3,171.59,0,1
4.5,7,0,1902,4,1,5,2,10.81,1,1
4.7,11,0,31,4,0,3,61,15.41,0,1
3.1,13,1,1185,5,0,5,1,271.35,1,2
6.5,9,0,1242,4,1,1,55,13.62,0,1
1.2,14,0,12,2,0,5,4,50.09,0,0
5.4,4,0,2835,3,0,5,59,1164.42,0,1
1.5,7,0,1638,4,0,3,1,237.4,0,0
8.1,9,0,1954,3,1,4,51,62.04,0,1
5.0,14,0,3381,5,0,4,61,192.69,0,1
1.9,9,0,15,4,0,5,2,50.21,0,0
3.9,4,0,11,1,0,3,60,251.48,0,0
5.6,11,1,1072,5,0,3,4,2.54,0,2
2.8,6,1,2761,2,0,5,2,44.31,1,1
3.1,9,0,317,2,0,4,4,2.39,0,0
6.5,2,1,12,4,0,3,56,69.55,0,2
3.8,1,0,2067,5,0,5,1,38.31,0,1
6.6,5,0,11,3,0,1,4,420.35,1,1
4.5,4,0,59,2,0,4,0,158.82,0,0
5.5,8,0,101,3,0,2,45,24.8,0,1
6.7,9,1,1612,3,0,3,1,29.69,1,1
7.2,3,0,0,3,1,3,4,96.65,0,1
1.9,10,1,1829,2,1,3,2,23.13,0,1
5.5,2,0,1615,4,0,3,1,52.01,0,0
7.8,8,0,39,5,0,3,5,393.49,0,1
6.0,7,1,2245,3,0,3,3,15.74,0,1
4.2,5,0,33,2,0,2,2,27.9,0,0
6.6,0,0,3213,4,0,4,46,34.43,0,1
8.2,13,0,1662,4,0,3,7,6229.87,0,1
5.4,9,0,718,5,1,3,4,135.96,0,1
5.7,12,0,3420,2,0,4,2,298.3,0,1
5.0,11,0,29,2,0,5,0,172.81,1,1
1.3,10,0,1377,3,1,4,2,191.16,0,0
5.6,0,0,995,4,1,1,1,111.09,0,1
1.6,11,0,2440,3,0,5,52,94.43,0,0
5.5,5,0,3074,3,0,5,3,6.2,0,0
1.1,12,0,665,2,0,3,3,93.39,1,0
1.8,2,0,2692,3,0,5,3,46.41,0,0
3.4,2,0,22,4,0,3,4,123.74,0,0
3.0,5,0,33,3,0,3,1,49.09,1,0
6.3,12,0,2110,4,0,3,50,171.53,0,1
4.3,2,0,948,3,1,4,4,223.61,0,1
2.0,12,0,834,3,1,2,2,0.69,0,0
2.7,10,0,16,3,0,2,4,28.48,0,0
4.4,9,0,63,3,0,1,6,3.37,0,0
3.9,5,0,3163,1,0,3,6,78.13,0,0
4.9,4,0,204,4,0,3,2,34.78,0,0
5.5,3,0,570,4,0,4,2,417.27,1,1
6.6,7,0,76,3,1,3,0,74.51,0,1
5.1,1,0,87,1,1,5,3,26.36,0,1
3.8,14,0,2468,5,1,3,1,223.15,0,1
2.9,11,1,6,2,1,3,47,33.88,0,1
7.6,13,0,1031,2,1,2,44,25.87,0,1
4.4,10,1,1044,3,0,3,3,98.54,1,1
5.0,6,1,77,4,1,1,2,613.67,0,2
3.1,3,0,67,2,0,4,3,196.43,0,0
3.0,1,0,20,3,0,4,45,127.79,0,0
2.1,14,0,923,3,0,2,2,3382.68,0,0
4.0,6,0,73,2,1,3,3,18.2,1,1
2.6,12,0,85,3,0,1,2,17.6,1,0
3.0,0,1,1871,4,0,5,2,67.92,0,1
6.0,3,1,74,4,0,4,1,529.82,1,2
1.4,8,0,466,2,0,1,1,13.3,0,0
2.3,13,0,28,2,0,3,5,758.89,0,0
5.0,3,0,2945,4,1,5,2,6.3,1,1
5.1,11,1,57,4,1,3,5,45.52,0,2
6.9,12,1,13,3,1,3,45,70.82,0,2
0.8,2,1,2060,3,0,3,1,14.53,0,1
6.5,9,0,65,2,0,4,5,21.5,0,1
1.9,9,0,3149,3,0,5,4,180.36,0,0
3.4,1,0,76,1,0,5,48,474.53,1,1
1.2,13,0,2690,4,0,4,1,2.29,0,0
0.3,14,1,213,3,1,3,59,71.55,0,1
6.6,2,1,17,4,0,3,2,46.06,0,2
2.1,0,0,53,4,1,3,3,64.14,0,1
5.5,9,0,1569,4,1,5,0,33.95,0,1
2.8,7,0,2372,2,0,4,3,7.88,1,0
7.0,0,1,82,2,1,3,4,551.94,1,2
3.1,2,0,2529,5,1,1,4,310.75,0,1
3.5,13,0,27,4,0,3,4,46.71,1,1
2.3,2,0,3,4,0,5,0,26.25,0,0
1.8,12,0,1944,1,0,3,4,21.89,0,0
6.0,14,1,1456,3,0,2,5,1.13,0,1
3.9,1,0,3337,4,0,1,3,92.83,0,0
0.5,13,0,64,1,0,3,2,176.0,0,0
7.2,4,0,15,3,0,5,3,67.14,1,1
4.6,9,0,1591,3,0,5,5,47.97,0,1
2.0,2,0,63,1,0,5,0,66.69,0,0
1.2,2,0,32,2,0,4,4,15.18,0,0
2.0,7,0,80,2,0,4,44,25.81,1,1
4.4,3,1,1951,2,0,4,6,42.54,1,1
6.3,3,0,68,4,0,3,3,155.25,0,1
3.3,2,0,57,2,1,4,4,431.94,0,1
9.2,10,0,2137,2,0,3,1,38.72,0,1
3.0,0,0,625,5,0,4,4,11.39,0,1
3.7,7,0,35,3,0,2,6,57.6,0,0
1.6,14,1,3562,3,0,3,2,1115.7,0,1
3.6,0,0,86,4,0,5,6,12.98,0,1
6.1,6,0,2875,5,0,5,4,206.18,1,1
7.9,4,0,819,1,1,3,4,405.02,0,1
5.7,3,0,84,3,1,1,3,31.82,0,1
0.8,3,0,5,4,0,5,3,19.09,0,0
1.6,7,0,1365,3,1,4,2,129.34,0,1
0.9,10,0,2140,4,0,3,3,92.74,0,0
2.0,10,0,3163,5,1,4,3,154.8,0,1
2.3,12,0,75,5,0,3,3,1224.84,0,0
2.2,13,0,77,2,0,3,2,70.15,1,1
5.1,5,0,49,2,0,5,2,9.13,0,1
1.5,13,0,11,5,0,2,5,60.34,0,0
5.1,11,0,1984,3,1,2,1,78.44,1,1
5.6,0,1,557,2,0,1,2,365.31,0,1
3.1,13,0,82,4,0,3,6,40.64,0,0
6.7,9,0,39,2,0,2,4,29.56,0,0
5.7,7,0,397,2,0,2,1,6.98,1,1
2.3,12,1,68,5,0,1,3,124.1,0,1
4.6,13,1,3448,2,1,2,3,8285.9,0,1
3.0,1,0,2135,1,1,3,2,39.1,0,0
5.7,5,0,1011,2,0,1,1,107.55,0,0
5.3,8,1,2429,4,0,4,4,24.0,1,2
4.8,0,0,3315,2,0,4,54,7.99,0,0
1.3,5,0,42,3,1,1,2,104.73,0,0
2.5,7,1,3294,4,1,4,1,56.96,0,2
2.3,9,0,83,4,0,5,4,1.52,0,0
0.7,12,0,64,2,1,5,3,610.97,1,1
1.5,1,1,3435,4,0,1,5,101.9,0,1
1.7,4,0,7,2,0,4,2,61.0,0,0
3.1,5,0,63,4,1,3,50,28.99,1,1
5.4,4,0,89,3,0,1,2,100.28,1,1
2.6,2,0,27,2,0,3,1,107.46,0,0
3.4,3,0,2430,4,1,3,7,99.68,0,1
2.9,6,0,12,2,0,3,2,270.96,0,0
3.6,3,0,303,2,0,4,6,381.04,0,0
3.7,8,1,3567,3,1,4,3,1105.87,0,1
6.5,10,0,1549,4,1,2,49,15.56,1,1
3.1,11,1,3176,2,1,3,4,23.1,1,1
6.4,13,1,3434,2,0,3,7,93.86,1,1
3.8,12,0,85,1,0,3,0,16.97,0,0
3.5,12,0,2902,3,1,5,5,21.61,1,1
8.1,9,1,134,3,0,4,3,111.37,0,2
6.6,1,0,2840,2,0,5,5,210.87,0,1
0.7,4,0,723,1,0,4,3,370.14,0,0
4.4,7,0,74,3,0,3,2,40.9,1,1
1.6,13,1,1300,4,0,3,3,109.37,0,1
4.2,4,0,75,4,1,3,2,78.58,1,1
2.2,9,0,72,5,1,3,42,56.06,1,1
4.3,11,0,31,1,0,5,3,16.05,0,0
8.1,7,1,2858,5,1,3,4,13.27,1,2
5.1,7,0,683,3,1,3,2,148.41,1,1
2.9,8,0,1514,5,1,4,1,15.65,0,1
2.9,9,0,2383,2,0,5,5,3.8,0,0
6.5,5,0,88,3,0,3,4,52.06,0,1
5.1,11,0,946,3,0,4,5,484.38,0,1
6.8,3,0,1982,3,0,1,5,0.83,0,0
5.0,11,0,641,4,0,3,3,35.43,0,0
4.0,10,1,132,4,0,1,5,150.33,1,1
5.6,2,0,2978,5,0,1,2,3.54,1,1
8.2,14,0,268,4,0,4,1,39.65,0,1
3.9,11,1,37,3,0,3,53,9.88,0,1
2.7,13,0,2672,1,0,4,6,12.05,0,0
2.6,4,0,696,5,1,5,52,29.86,0,1
5.2,5,1,75,3,0,2,1,10.13,0,1
3.1,2,0,3405,4,1,4,45,8.94,0,1
3.5,1,0,53,3,1,3,3,49.96,0,0
6.7,6,0,106,3,1,2,2,1541.8,0,1
1.9,10,0,1225,5,1,4,0,170.14,1,1
3.8,4,0,1728,2,1,4,4,248.59,0,1
6.6,8,1,2963,2,0,3,1,180.53,0,1
4.6,14,0,12,2,1,5,4,19.18,0,1
4.2,2,0,61,4,1,3,2,87.03,0,1
5.4,13,0,1305,1,1,5,6,283.31,0,1
4.2,14,1,86,1,0,3,2,189.14,0,1
3.3,7,1,2316,2,0,2,2,73.1,0,1
0.7,5,0,31,3,1,3,6,119.11,0,1
5.5,3,1,66,3,0,2,5,2195.82,0,1
1.3,11,1,3635,1,1,4,1,192.32,0,1
5.5,11,0,2771,5,0,4,38,34.03,0,1
0.7,14,0,56,5,0,3,1,48.86,0,0
2.2,8,0,64,2,0,1,4,11.23,0,0
4.7,4,1,68,4,0,3,3,1845.59,0,1
3.5,14,1,2162,3,0,1,3,605.35,0,1
3.0,9,0,32,2,0,4,3,61.86,1,1
8.3,5,0,614,2,0,4,1,1438.32,1,1
6.0,13,0,3480,3,0,5,3,140.98,0,0
0.8,14,1,2367,3,0,2,2,28.61,0,1
7.0,14,1,14,2,1,3,3,212.66,0,2
4.9,12,0,1563,4,1,4,3,99.28,1,1
2.7,8,0,2515,3,1,5,1,191.86,1,1
5.5,6,0,48,4,0,4,46,7.0,0,1
3.7,11,1,74,2,0,2,4,16.19,0,1
6.0,4,0,3364,3,0,3,52,509.13,0,1
1.9,1,0,32,3,1,4,4,692.08,0,1
2.6,3,1,2097,3,1,4,4,456.08,1,1
1.6,1,0,551,4,0,5,2,1522.29,0,0
2.4,2,1,2502,4,1,2,2,129.81,0,1
2.6,9,0,2241,3,0,5,0,116.82,1,0
4.7,11,0,3272,4,0,1,2,13.88,0,0
2.2,2,1,17,5,1,5,4,22.86,0,2
3.7,3,0,81,4,0,5,3,2.77,0,0
6.2,5,0,1104,2,0,4,2,33.71,0,0
5.1,11,0,1694,4,1,4,6,2.49,0,1
3.2,2,0,959,2,0,1,1,276.29,0,0
0.3,9,0,2907,5,0,1,2,97.77,0,0
3.9,13,1,41,3,1,2,6,2.61,0,2
3.1,0,1,67,3,0,1,44,41.07,0,1
1.7,0,1,31,1,0,3,2,1044.7,1,1
4.1,8,0,9,3,0,2,51,45.22,0,0
6.2,8,1,1363,5,0,5,3,12.21,0,2
2.3,4,1,3643,1,0,3,7,3.75,0,0
5.5,8,0,420,3,0,4,2,3.92,0,0
3.3,10,0,2045,5,0,4,2,121.92,0,0
4.4,6,0,10,3,0,3,1,28.48,0,0
6.1,8,1,67,3,1,2,0,32.25,0,2
0.2,11,0,73,3,1,3,2,28.66,0,0
1.7,6,1,915,3,1,4,2,44.24,0,1
0.6,8,0,200,2,0,4,41,8.66,1,0
1.7,14,1,3001,1,0,3,50,87.72,1,1
4.5,1,0,997,4,1,5,6,6.46,0,1
9.1,10,0,18,5,0,1,3,17.57,0,1
3.3,10,0,1,2,0,4,6,248.7,0,0
6.6,7,0,1322,2,1,3,5,96.0,1,1
4.3,6,1,10,3,0,4,1,152.71,0,1
3.5,5,1,644,4,0,5,3,1374.14,0,1
7.1,4,0,1993,2,1,4,5,49.92,0,1
6.5,3,0,60,5,1,3,1,56.38,0,1
1.8,6,0,3426,1,0,2,4,36.73,0,0
7.1,2,0,2363,5,0,5,3,28.07,0,1
0.1,7,0,2624,3,0,3,1,11.99,1,0
3.2,1,1,84,4,1,1,43,61.94,0,2
3.9,0,1,3383,3,0,4,3,93.0,0,1
3.2,10,0,1483,4,0,3,2,101.1,0,0
3.9,1,0,2774,2,1,1,3,60.13,0,0
2.5,8,0,6,1,0,5,3,219.04,0,0
3.6,4,0,256,3,1,3,3,57.06,1,1
6.0,10,0,2800,5,1,3,3,29.55,0,1
4.6,7,0,2437,4,0,4,2,13.59,0,0
8.0,2,0,1494,3,1,5,1,5.35,0,1
4.1,6,0,2172,3,0,1,1,488.15,0,0
3.6,14,0,2544,2,1,4,4,19.13,0,0
8.9,1,0,45,4,1,4,2,13.62,1,2
6.3,7,0,403,4,0,2,1,29.19,0,1
5.2,13,1,7,4,1,3,2,35.96,0,2
1.0,6,1,832,3,1,1,4,637.64,0,1
7.4,11,1,2864,5,0,4,1,33.37,0,2
5.9,4,0,66,5,0,5,4,2835.79,0,1
1.9,11,0,1214,4,0,2,3,60.07,0,0
4.8,10,0,658,3,0,5,44,1194.57,0,0
1.9,3,0,1,4,1,4,2,208.7,0,1
7.0,0,1,2048,3,1,3,1,93.84,0,2
6.9,4,0,57,3,0,4,3,582.18,1,1
6.9,11,0,2199,3,0,1,0,293.93,0,1
2.9,8,0,458,3,0,5,2,141.46,0,0
6.3,9,0,1481,3,0,4,4,1765.86,0,1
1.2,3,1,183,3,0,4,1,25.85,0,1
3.9,12,0,3630,2,0,4,41,12.28,0,0
3.3,8,0,17,4,0,4,49,19.8,0,1
2.9,11,0,3187,3,1,5,4,756.28,0,1
1.6,1,1,1548,1,0,4,1,481.13,0,1
4.2,3,0,3282,3,0,5,3,24.83,0,0
1.9,8,0,2187,5,0,4,4,1.6,0,0
2.9,3,0,3020,4,1,2,1,40.09,0,1
5.4,4,1,853,3,1,5,3,11.94,1,2
3.9,10,0,48,5,1,4,2,26.03,0,1
3.2,7,0,1523,1,0,4,3,11.23,1,0
2.1,0,1,3450,5,0,5,2,4.88,0,1
4.9,0,1,67,2,0,1,2,920.4,0,1
5.2,8,0,2237,1,0,3,2,19.58,0,0
2.5,8,1,3485,3,1,2,2,454.41,0,1
3.2,3,0,418,3,1,4,4,39.17,0,0
4.2,12,1,795,3,0,5,48,10.01,1,1
1.8,1,0,310,4,0,5,2,117.17,0,0
4.5,12,0,1904,4,1,3,3,30.37,0,1
1.8,8,1,1951,3,0,4,4,40.02,0,1
2.2,13,1,13,3,0,5,4,67.85,0,1
0.1,3,0,1085,2,1,4,3,16.15,0,0
2.0,5,1,1111,1,0,2,43,4.8,0,0
0.8,11,0,199,4,1,4,0,50.56,0,0
2.6,0,1,238,1,0,5,1,231.8,0,1
2.6,11,0,15,4,1,5,2,14.12,0,1
0.9,8,0,36,3,1,4,4,68.78,1,1
3.4,4,0,3154,2,1,5,3,522.31,0,1
7.3,14,0,1523,3,0,2,4,47.72,0,0
8.3,2,0,3290,2,0,2,50,62.12,0,0
0.9,3,0,3645,3,0,5,0,59.31,0,0
4.6,0,0,83,4,0,2,1,19.62,0,1
4.8,13,1,83,3,1,2,4,12.3,0,2
5.3,8,0,514,2,0,3,2,12.38,0,0
3.0,13,0,67,4,1,4,3,94.85,0,1
5.1,7,0,3055,2,0,4,6,170.17,0,0
5.6,3,0,69,4,0,3,3,182.66,0,1
7.9,1,0,3227,3,1,5,2,30.94,1,1
4.4,13,0,17,3,0,5,2,281.45,0,0
0.7,8,0,17,5,1,3,2,86.58,0,0
3.2,3,0,1753,4,0,3,5,60.71,0,0
4.4,8,0,1617,1,1,4,3,0.36,0,1
2.8,9,0,34,2,0,4,1,16.02,0,0
5.4,2,1,2458,5,1,3,5,5.58,1,2
1.4,6,0,25,1,0,3,3,139.86,0,0
8.1,6,1,1945,3,0,3,40,62.96,1,2
3.1,9,0,60,4,1,2,2,10.94,0,1
1.5,12,1,87,4,1,3,41,86.19,0,1
1.9,3,0,536,4,0,4,4,6.45,0,0
7.1,1,0,31,4,0,4,3,11.41,0,1
2.0,10,1,299,4,0,4,6,18.82,0,1
4.7,8,0,4,4,0,3,0,122.76,0,1
7.5,3,0,1952,4,1,4,3,445.48,1,1
1.9,7,0,70,3,0,1,4,22.67,0,0
6.9,13,1,85,3,0,3,2,396.9,0,1
5.7,1,0,26,4,1,4,58,58.62,0,1
0.7,7,0,1741,5,0,4,51,77.81,0,0
5.5,10,1,2006,2,1,3,2,49.61,0,1
6.6,9,0,3619,3,1,4,1,40.61,1,1
0.6,4,1,2008,5,0,5,5,105.53,0,1
3.6,6,0,666,3,1,4,2,165.75,0,0
3.9,6,1,1755,2,0,4,2,14.48,0,1
2.9,11,0,89,4,0,5,1,41.1,0,0
2.8,8,0,2,5,0,4,6,667.75,0,1
1.3,2,0,1081,4,0,4,2,71.22,0,0
4.6,9,0,2300,4,0,1,2,83.93,0,0
0.1,3,0,63,2,0,3,48,314.47,0,0
3.9,9,0,1445,5,1,4,5,25.74,0,1
3.3,3,0,1777,3,1,4,1,51.89,0,1
3.3,14,0,439,5,1,3,6,185.91,0,1
5.3,12,0,5,3,0,5,5,350.15,0,1
3.5,9,0,2807,1,0,3,6,1.57,0,0
4.4,4,0,37,3,0,4,5,18.08,0,1
3.3,13,0,33,2,0,3,3,12.21,1,0
2.6,5,0,416,4,0,3,47,45.34,0,0
3.6,14,0,66,5,1,5,2,13.68,1,1
6.7,2,1,45,4,0,3,3,147.84,1,2
4.9,12,0,85,5,0,1,6,70.71,0,1
0.2,3,0,2495,3,0,3,41,207.22,0,0
4.9,2,0,59,4,0,3,2,228.04,0,1
5.4,1,1,53,4,0,4,1,151.2,0,1
0.6,9,0,202,4,0,5,53,32.99,1,1
5.6,11,1,1143,3,1,1,45,63.84,0,1
4.0,8,0,2661,4,0,4,2,27.35,0,0
8.2,0,1,8,4,1,4,3,7.05,1,2
2.0,1,0,84,2,0,5,5,228.3,0,0
4.7,7,0,1963,4,0,5,2,48.13,0,1
2.8,14,0,9,5,1,4,2,5.73,0,1
7.1,6,1,1284,3,0,3,3,122.17,1,1
3.4,11,1,3291,4,0,2,5,39.02,1,1
7.5,0,0,57,4,1,3,3,2.49,1,2
1.2,4,0,1466,4,0,4,39,6.95,0,0
4.1,9,0,33,3,0,4,2,19.09,0,0
4.8,5,0,1339,5,1,4,4,74.87,0,1
5.5,4,0,3241,3,1,4,50,178.04,1,1
7.1,3,0,3471,1,0,3,1,169.13,0,0
4.4,13,1,31,4,0,4,3,134.87,0,1
0.9,12,0,54,4,1,2,3,51.86,0,0
2.3,0,0,7,4,0,2,3,722.96,0,0
1.4,6,0,45,2,0,2,2,155.99,0,0
8.1,8,1,3596,1,0,5,1,76.18,0,1
4.1,5,1,2675,5,1,1,4,127.73,0,2
3.0,2,0,2362,2,0,5,4,30.01,0,0
4.7,14,1,3607,4,1,2,6,50.11,0,2
5.1,9,1,1430,4,0,3,3,2.4,0,1
4.2,13,0,1527,4,0,5,3,30.57,0,0
5.0,3,0,74,2,1,4,3,764.97,0,1
6.0,9,1,3386,4,1,2,54,68.21,1,2
1.9,4,0,1892,5,0,3,6,64.08,1,0
4.3,14,0,1038,3,0,5,5,244.18,1,1
4.6,11,0,642,3,1,3,5,93.39,0,1
6.2,11,0,2782,3,1,4,3,16.78,1,1
6.2,0,1,77,1,0,3,4,56.57,0,1
2.5,4,0,3558,5,0,3,2,9.95,1,0
1.2,0,0,47,5,1,2,1,71.91,0,0
3.7,8,1,1587,5,1,4,1,15.54,0,2
4.9,6,0,754,3,1,4,3,219.74,0,1
6.9,2,0,2821,4,0,3,0,25.4,1,1
1.7,8,1,3047,2,0,4,4,15.85,0,1
0.9,1,0,2974,4,0,5,2,46.1,0,0
1.9,11,0,37,4,0,5,57,94.45,0,0
0.8,6,0,17,5,0,2,4,8.93,1,1
4.8,8,0,269,4,0,3,56,24.98,1,1
4.5,5,1,36,5,0,5,5,63.93,0,2
5.4,9,0,69,5,0,2,1,406.49,0,1
2.0,4,0,40,5,1,1,7,1.23,0,1
5.9,11,0,3490,1,1,5,2,137.38,0,1
2.2,6,0,41,4,0,3,1,30.71,1,0
4.7,13,1,1588,4,0,3,5,26.0,0,1
8.4,14,1,1631,3,0,3,3,19.65,0,2
2.0,14,1,3176,1,1,5,1,31.63,0,1
2.4,5,0,46,4,0,3,6,138.55,0,0
2.1,4,1,2680,3,1,5,5,24.41,0,1
2.6,13,0,3119,3,0,4,4,657.13,0,0
2.3,1,1,2911,4,0,3,4,139.18,0,1
2.8,7,1,1402,5,1,3,3,73.48,1,2
3.3,14,0,2038,4,0,2,45,42.56,0,0
5.1,12,0,30,3,0,4,2,325.31,0,1
6.3,6,0,1809,3,0,3,3,405.06,0,0
5.1,5,0,7,2,0,5,0,9.56,1,1
3.8,4,1,29,3,0,3,3,19.05,0,1
0.7,4,0,2749,2,0,3,3,141.45,0,0
8.1,8,0,1811,5,1,3,2,222.52,0,1
4.2,0,0,65,3,1,4,3,34.8,0,1
4.0,8,1,1287,2,1,3,3,17.93,0,1
6.7,5,0,1647,3,0,3,1,61.43,0,1
3.1,3,0,44,3,0,5,1,500.22,0,0
3.9,9,0,2381,3,0,4,1,58.06,0,0
5.6,13,0,76,1,0,4,2,8.2,0,0
6.5,6,0,67,5,0,4,57,64.35,1,1
3.6,8,1,82,2,1,4,1,176.64,1,2
4.3,4,0,49,1,0,3,3,46.9,0,0
7.2,13,0,24,1,1,1,3,360.41,0,1
3.7,4,0,37,3,0,5,0,200.09,0,0
3.4,7,0,1857,2,0,2,2,49.77,0,0
4.7,6,0,2214,1,0,4,2,58.25,1,0
3.1,12,0,1131,3,0,1,6,3.45,0,0
4.2,12,0,1647,4,0,3,4,335.41,1,1
5.1,7,0,62,2,1,1,2,33.31,1,1
5.5,10,0,1770,3,1,3,5,29.97,0,1
2.1,11,1,3442,3,1,4,2,23.93,0,1
4.1,9,0,79,2,0,2,5,108.32,0,0
5.8,1,1,58,3,1,3,3,10.04,0,2
4.9,8,1,2835,1,1,5,2,12.48,0,1
4.4,2,0,3635,1,0,3,2,50.46,0,0
5.0,5,1,3083,3,1,5,56,21.33,0,2
1.8,5,0,35,2,0,5,3,90.27,1,0
3.1,1,0,87,1,0,5,4,22.54,1,0
2.4,11,0,2746,3,0,5,7,597.38,0,0
4.1,12,0,1035,5,0,3,4,154.5,1,1
6.8,6,0,18,4,0,5,51,151.61,0,1
2.2,8,0,6,4,0,5,1,22.03,1,0
4.0,11,0,1920,5,1,5,2,2015.29,0,1
2.5,9,0,3188,5,1,1,4,28.26,1,1
1.9,10,0,65,4,1,5,0,18.71,0,1
4.5,0,0,2297,4,0,4,3,157.61,0,1
1.8,7,0,3074,3,0,4,1,73.17,0,0
4.5,1,0,2536,2,0,1,2,16.0,0,0
5.0,13,0,0,4,1,2,2,1471.11,0,1
2.4,0,0,62,5,0,5,3,235.9,1,1
3.9,7,1,1887,3,0,3,3,54.93,0,1
7.9,1,1,20,4,1,3,51,2001.53,1,2
0.6,5,0,3146,3,0,5,3,184.23,0,0
3.3,14,1,1037,3,0,1,45,53.63,1,1
8.0,5,0,21,3,1,3,3,1672.64,0,1
4.8,4,0,2287,3,0,3,1,146.71,0,0
6.2,7,1,120,3,0,3,3,137.4,0,1
6.8,2,0,701,4,0,3,3,30.58,0,1
6.3,12,1,29,5,0,2,5,58.8,1,2
4.8,9,0,391,5,0,2,6,29.49,0,1
5.4,14,0,3100,2,1,4,1,473.24,0,0
2.3,3,0,3002,5,0,5,2,4.88,0,0
3.4,6,0,2902,3,1,3,5,423.61,0,0
7.1,14,0,772,3,0,3,62,14.64,0,0
7.2,6,0,346,4,0,2,3,50.05,1,1
4.0,12,1,1029,3,1,5,3,35.06,0,2
4.1,11,0,67,1,1,5,0,25.02,0,1
2.3,13,0,2146,3,0,3,0,153.65,0,0
5.3,7,0,3166,4,1,3,1,54.17,0,1
0.7,1,1,28,3,0,4,3,20.05,0,1
2.3,10,0,58,4,0,4,4,68.79,0,0
4.6,11,0,866,4,1,3,3,19.22,0,1
4.0,1,1,2822,4,0,4,2,24.37,0,1
4.2,3,0,821,5,0,4,3,5.78,0,0
3.5,12,0,84,3,0,5,1,27.79,0,1
0.9,9,1,66,2,0,2,1,114.58,0,1
7.0,12,1,88,3,0,5,1,57.72,0,2
2.8,8,0,2132,3,0,3,3,830.97,0,0
4.1,9,0,1059,4,0,4,3,2749.64,0,0
7.3,11,1,10,1,0,4,3,27.21,0,1
6.0,8,0,10,3,0,3,45,15.64,0,0
7.5,12,1,1173,4,0,4,5,297.29,1,2
3.0,12,0,1199,4,0,3,49,90.27,0,0
3.0,3,0,13,4,1,2,49,300.01,0,1
6.6,8,0,3160,4,1,3,1,99.31,0,1
3.9,14,1,79,4,1,3,2,40.79,0,2
2.3,13,1,768,4,0,2,2,41.14,0,1
7.9,2,0,2733,3,0,5,0,104.5,0,1
2.6,11,1,2083,5,0,2,50,39.78,1,1
3.8,4,0,9,3,1,3,2,340.1,0,1
3.8,9,0,25,2,0,2,59,7.74,0,0
5.1,8,1,178,2,1,3,2,337.38,0,2
2.3,5,1,43,4,1,3,2,3.29,0,2
0.6,2,1,2257,5,0,3,4,67.87,0,1
4.8,9,1,2293,2,0,2,1,33.23,0,1
4.5,8,0,2086,1,0,1,7,5.62,0,0
1.3,5,0,488,5,0,4,5,2.48,1,0
3.5,3,1,1813,5,0,4,49,10.52,0,1
1.3,13,0,277,2,1,3,1,58.47,0,0
5.4,3,0,23,3,0,1,58,22.13,0,1
1.5,7,0,11,4,0,5,41,11.46,0,1
4.9,6,0,59,3,0,2,1,415.06,0,0
5.5,0,1,83,5,1,5,3,8.6,0,2
3.8,5,0,676,2,1,3,8,151.21,1,1
7.6,7,1,319,1,1,3,2,14.39,0,2
0.3,2,0,3642,2,1,4,3,10.13,0,0
6.1,13,0,1243,2,0,5,2,22.07,0,0
4.6,8,0,144,2,0,3,51,138.36,0,0
6.2,9,0,360,1,0,3,4,6.98,1,0
7.4,1,0,34,4,0,3,9,84.03,0,1
3.9,13,0,3230,2,1,5,3,12.92,1,1
3.7,5,0,3460,5,0,4,5,16.93,0,0
7.2,11,0,1059,3,0,2,3,99.58,1,1
2.7,0,0,83,4,0,2,1,1422.58,0,0
5.4,11,0,1467,2,0,2,2,13.92,0,0
4.8,10,0,1265,2,1,3,2,160.75,1,1
7.0,14,0,2467,3,0,2,43,34.16,1,1
1.0,1,1,205,3,1,4,5,26.79,0,1
0.9,12,0,412,4,0,2,2,272.34,0,0
2.9,4,1,68,4,0,3,2,15.41,0,1
3.8,0,1,52,4,1,4,6,9.67,0,2
4.7,7,0,2366,3,1,3,49,108.88,0,1
2.1,0,1,50,5,0,1,6,597.15,0,1
0.7,12,0,3166,4,0,1,3,168.17,0,0
8.7,8,1,117,5,0,2,58,6.62,0,2
2.9,9,1,78,4,0,5,3,21.69,0,1
6.6,10,0,14,1,1,4,2,237.32,1,1
2.0,2,0,13,3,0,1,5,585.03,0,0
3.5,11,0,38,3,1,3,1,76.94,0,1
1.5,1,0,3006,4,1,3,4,22.9,1,0
8.0,14,0,1825,3,0,4,4,644.86,0,1
2.7,0,0,1957,4,0,3,5,48.82,0,0
1.2,8,0,80,2,0,3,4,22.01,0,0
7.2,14,0,1964,2,0,3,41,17.07,0,0
2.9,3,1,15,1,0,2,3,9.09,0,1
7.1,11,1,3544,3,0,4,2,3829.04,0,2
5.8,0,0,2165,4,1,5,62,460.1,1,1
4.8,0,0,1632,3,0,5,2,20.4,0,0
5.3,6,0,833,4,1,1,5,733.43,0,1
2.7,1,0,52,1,0,4,4,121.5,0,0
2.7,6,1,45,1,1,4,49,111.18,0,1
4.2,11,0,1201,4,1,5,60,18.6,0,1
6.0,14,0,58,3,0,3,2,25.25,0,1
4.1,6,1,49,4,1,4,50,51.23,1,2
0.6,14,1,8,4,0,1,4,2.86,0,1
5.1,9,0,25,5,1,4,51,26.31,0,1
3.4,13,0,2588,2,1,3,3,54.97,0,1
4.1,8,0,522,3,0,4,0,389.27,0,0
3.6,12,0,4,4,0,5,2,21.65,0,0
3.5,6,1,61,4,0,3,5,184.6,0,1
4.0,12,0,1300,4,0,3,4,2.48,1,1
6.2,13,0,1864,2,1,2,2,314.36,0,0
1.7,0,1,2131,2,1,3,1,14.15,0,1
3.3,11,1,3551,3,0,3,4,66.38,0,1
1.4,12,1,2355,4,1,2,6,100.44,0,1
3.5,7,0,1221,3,1,5,8,74.83,0,1
4.1,7,0,1932,2,0,2,2,46.52,1,0
1.9,3,0,43,4,0,4,45,8.48,1,1
4.7,12,0,2020,2,0,5,3,14.38,1,1
4.8,7,0,29,2,1,5,2,243.39,0,1
2.2,3,0,438,2,1,4,54,22.29,0,1
3.9,14,0,877,3,0,2,2,46.76,1,1
0.7,7,1,1635,3,0,5,6,5.82,0,1
2.0,4,0,27,3,1,3,2,197.92,0,0
2.9,3,1,1161,1,1,5,0,7.54,0,1
2.7,5,0,41,1,1,4,4,215.71,1,1
1.1,1,1,19,2,0,4,3,11.09,0,1
1.5,11,0,85,4,0,1,3,250.08,0,0
3.1,1,1,78,1,0,4,1,55.44,1,1
6.6,1,0,1300,3,0,5,5,23.61,0,1
5.9,8,0,1637,2,1,5,4,602.21,0,1
3.8,14,1,973,2,0,1,2,49.24,0,1
5.2,13,0,2004,2,1,5,4,31.73,0,1
6.6,9,0,16,1,0,1,48,213.51,0,0
1.4,2,1,2478,4,1,4,2,5.93,0,1
7.2,14,1,1441,3,0,4,54,1.23,0,1
5.8,9,0,1792,4,0,2,3,310.12,0,0
6.0,3,0,1747,1,0,1,3,15.57,1,0
1.5,9,0,2018,2,0,4,1,199.72,0,0
2.8,11,0,20,3,1,3,4,58.51,1,1
6.2,7,1,57,4,0,2,52,9.53,0,2
4.1,3,0,2666,3,0,4,2,135.76,0,0
4.3,10,0,42,3,1,5,3,29.51,0,1
6.5,9,1,118,3,1,4,3,10.85,0,2
3.2,9,0,1045,1,0,2,2,11.28,0,0
5.1,12,0,412,5,1,1,4,4.06,0,1
7.1,6,0,1966,3,0,4,50,99.94,1,1
7.5,4,0,60,4,0,4,1,13.42,0,1
2.3,8,0,673,4,0,4,50,51.83,1,0
3.0,3,0,1383,3,0,5,2,41.57,0,1
5.6,2,0,2899,1,0,3,5,13.3,0,0
7.8,12,0,2432,4,0,2,3,5.56,0,1
2.1,1,0,63,2,0,5,6,2441.98,0,0
5.5,0,0,875,3,1,3,3,50.76,0,1
3.6,10,0,72,4,0,4,3,841.41,0,0
6.8,5,0,55,4,1,5,3,313.38,0,1
2.4,9,0,0,4,1,5,2,33.73,0,1
6.9,1,0,20,4,0,4,3,71.63,1,1
6.1,7,0,21,2,0,3,1,68.57,0,1
3.1,5,0,1117,3,0,5,5,868.09,0,0
1.0,11,1,3640,1,1,4,2,189.57,0,1
5.1,11,0,64,4,0,3,0,16.27,1,1
3.6,4,1,50,5,0,4,9,92.52,0,1
0.8,12,1,1739,2,1,3,3,182.45,0,1
7.0,1,0,62,1,0,5,5,9.37,0,1
3.4,6,0,14,3,0,3,1,114.57,0,1
6.9,1,1,256,5,0,5,4,410.85,0,2
5.1,12,0,2437,3,1,5,4,15.09,0,1
6.9,13,1,51,1,1,5,3,18.56,0,2
0.3,4,0,207,5,0,4,4,311.28,0,0
4.3,1,0,2649,4,0,5,2,32.09,0,0
8.2,10,0,28,2,1,3,3,12.52,0,1
2.2,9,0,1899,5,1,2,5,205.08,0,0
4.3,10,0,3336,3,1,5,2,129.71,0,1
1.7,10,0,79,3,0,3,3,62.9,0,0
7.9,1,1,15,3,1,2,2,294.97,0,2
3.2,14,1,88,4,0,2,4,328.14,0,1
4.3,6,0,3199,4,0,2,1,48.22,0,0
4.2,8,1,64,1,1,4,1,1055.2,0,2
5.3,4,1,3592,5,0,4,3,587.04,0,2
2.3,6,1,19,2,1,2,2,2.78,0,1
5.1,3,0,1761,4,0,5,3,11.64,0,1
3.8,1,1,2241,4,1,3,47,1.85,0,2
0.9,2,0,1071,2,0,4,2,33.55,1,0
0.6,1,0,3354,2,1,3,54,8.87,0,0
4.7,4,1,2387,5,0,4,4,16.1,0,1
0.7,5,0,1126,3,0,3,3,280.3,0,0
3.6,14,0,79,4,1,3,6,3.93,1,1
1.9,14,1,1969,3,0,5,3,66.33,1,1
4.7,6,0,686,4,0,1,4,65.73,0,0
5.6,2,1,34,3,0,5,1,48.25,0,1
5.5,3,1,61,2,1,4,6,66.43,0,2
5.5,7,0,1501,3,0,3,4,1.92,0,0
4.6,3,0,160,5,0,4,4,16.21,0,1
6.0,6,1,1045,3,0,2,4,552.53,0,1
4.6,11,0,50,2,1,3,4,9.07,0,1
3.0,5,1,88,5,0,5,1,665.09,0,1
0.6,6,1,527,4,0,2,2,6.62,0,1
6.9,0,0,77,1,1,4,5,5.53,0,1
8.0,2,0,23,5,1,3,2,13.1,1,2
3.0,5,1,2015,4,0,4,5,296.97,0,1
2.9,2,0,1127,2,1,2,2,24.07,0,0
0.7,14,0,3532,2,0,3,0,91.66,1,0
3.1,13,1,3273,4,0,5,3,60.97,0,1
3.9,14,1,35,4,0,2,4,50.32,0,1
1.9,13,0,9,2,1,4,1,369.14,0,0
1.9,6,0,35,2,0,4,1,173.69,0,0
3.9,8,0,574,3,0,4,69,9.83,0,1
3.5,2,1,258,3,0,4,3,36.11,1,1
2.0,13,1,5,2,1,3,3,746.32,0,1
6.8,0,1,892,2,0,1,3,88.18,0,1
0.2,9,0,11,4,0,5,2,5.69,1,0
6.6,14,1,2403,4,0,5,2,6.32,0,1
2.1,12,1,938,3,1,2,3,207.52,0,1
3.6,5,0,24,3,1,3,2,156.59,0,1
4.6,11,0,80,3,0,4,4,13.71,0,1
3.9,0,1,52,3,1,5,2,167.58,0,2
3.4,0,0,32,5,0,5,3,601.3,0,1
3.1,13,0,86,4,1,5,1,486.28,0,1
3.7,7,0,619,2,0,2,4,605.72,0,0
5.7,8,0,5,3,0,5,2,125.62,1,1
5.3,1,0,936,3,1,5,4,41.83,0,1
1.6,8,0,65,4,1,3,3,29.85,0,0
7.0,4,1,8,3,0,3,4,53.19,0,2
1.4,12,1,66,4,0,3,5,14.67,1,1
6.3,7,1,1792,4,0,4,5,31.85,0,1
5.1,6,0,3410,3,1,3,3,369.7,0,1
1.3,6,1,849,5,0,1,2,4.89,1,1
6.2,3,1,1493,4,0,2,43,5.41,1,2
5.1,1,0,887,4,0,3,1,189.77,0,1
4.6,4,0,621,5,1,3,3,32.29,0,1
2.4,13,0,37,2,0,4,3,3.04,1,1
4.2,10,1,953,2,0,2,1,49.8,1,1
2.1,10,0,3542,5,0,5,0,40.2,0,0
4.0,2,1,131,4,0,5,2,28.6,0,1
1.5,14,0,58,5,0,5,1,152.71,0,0
7.4,13,0,688,1,1,4,5,7.39,0,1
3.9,8,1,46,4,1,2,43,55.67,0,2
3.2,5,0,70,2,0,3,3,39.79,0,0
5.0,0,0,898,3,1,2,6,57.79,0,1
7.5,2,1,2999,2,0,5,5,4.06,0,1
2.4,11,1,1353,2,0,3,3,24.93,0,1
5.2,3,0,768,1,1,4,6,56.24,0,1
4.3,8,0,65,4,0,4,4,122.95,0,1
3.7,10,0,46,3,0,5,1,870.96,0,0
0.4,5,1,2578,2,1,4,5,182.9,1,1
5.0,3,0,41,3,0,4,8,109.04,0,1
5.7,0,0,1022,2,1,3,2,367.68,0,1
6.6,7,0,12,5,1,4,2,34.61,0,2
5.6,13,1,222,3,0,1,4,561.66,0,1
3.2,10,1,2856,3,0,5,4,292.63,0,1
2.0,1,1,29,4,0,3,1,27.97,0,1
0.5,10,0,2755,4,0,1,0,978.41,0,0
5.7,14,1,481,4,0,5,3,106.74,0,2
4.3,10,0,2833,4,1,3,2,1464.77,0,1
3.8,7,0,2660,5,0,5,6,86.04,0,1
2.2,5,1,56,2,0,5,48,23.5,0,1
0.9,7,0,1775,5,0,5,2,17.27,1,0
7.9,5,0,22,4,0,1,3,32.02,0,1
7.0,4,1,35,3,1,2,4,23.17,0,2
7.4,4,0,3110,4,0,5,4,367.63,1,1
7.4,13,0,1508,4,1,5,1,52.28,0,1
4.1,13,0,71,1,0,3,2,4.85,0,0
2.6,9,0,185,2,0,3,51,75.15,1,0
3.1,9,1,195,5,0,2,3,65.91,0,1
2.4,10,0,80,3,0,5,3,27.03,0,0
2.6,7,1,33,3,0,2,3,81.56,1,1
4.8,6,0,3403,4,0,2,2,51.1,0,0
1.8,7,0,68,3,1,4,2,141.27,0,1
4.3,11,0,50,1,0,2,50,129.34,1,0
1.3,7,1,3649,4,1,5,49,94.38,0,1
3.9,6,0,81,4,0,1,43,7.78,0,0
4.0,1,1,604,2,0,1,6,1310.97,0,1
7.2,10,0,3035,5,0,3,3,5.29,0,1
1.6,14,1,1174,2,0,3,6,45.01,0,1
2.5,8,1,3577,3,1,2,2,10.57,0,1
2.8,12,1,1097,2,0,3,3,98.94,0,1
5.7,6,1,9,4,0,3,2,67.2,0,2
5.0,11,0,18,3,0,5,3,42.39,0,1
5.1,10,1,2439,3,0,1,5,532.01,0,1
4.3,14,0,35,4,1,5,3,287.94,1,1
1.8,5,0,3,1,0,4,56,33.43,0,0
2.5,8,0,3202,4,1,2,3,182.4,0,1
5.3,12,0,2368,3,0,1,5,570.79,1,0
4.6,0,0,27,5,1,3,4,284.87,0,1
3.0,10,0,79,3,1,2,3,44.51,0,0
0.8,1,0,3134,1,0,3,1,5.03,0,0
1.9,12,0,386,1,0,2,48,88.85,0,0
5.3,0,0,5,5,1,4,57,148.85,0,1
2.1,9,1,48,4,0,4,52,17.21,0,1
7.1,11,1,1031,3,1,1,5,56.48,0,1
8.8,2,1,329,4,0,3,4,48.21,0,2
3.5,10,0,1711,3,0,4,7,437.71,0,0
5.8,4,0,20,5,1,1,4,880.71,0,1
4.8,0,1,3224,5,0,5,7,318.25,0,2
5.6,3,1,2688,5,0,4,4,48.02,0,2
7.8,13,1,55,5,0,5,3,305.39,1,2
3.8,12,0,28,5,0,2,1,144.49,0,0
0.2,7,0,52,2,1,5,3,48.8,0,1
5.2,5,1,1339,4,1,4,1,1259.65,0,2
6.7,12,0,2580,4,1,4,41,18.05,0,1
0.9,0,0,3367,5,0,3,3,135.08,0,0
7.7,11,1,2164,3,0,1,50,192.35,0,1
8.3,0,1,2594,1,1,5,3,35.47,0,2
5.7,2,0,784,3,0,4,2,126.31,0,0
1.2,13,0,61,4,0,1,4,225.48,0,0
4.3,9,1,73,2,1,1,6,78.8,1,1
2.1,14,0,938,3,0,1,1,110.91,0,0
6.2,7,1,2,3,0,4,6,63.95,0,1
1.7,10,1,196,3,0,4,59,180.6,0,1
6.7,10,1,26,3,0,3,2,38.73,0,1
3.7,13,1,54,2,0,3,3,34.2,0,1
3.4,7,0,2173,5,1,3,1,56.31,0,1
2.7,12,0,686,4,0,3,2,322.31,0,0
3.1,2,0,244,1,0,1,2,3.97,0,0
3.5,6,0,3330,4,1,3,3,13.96,0,1
0.6,11,0,45,4,0,1,3,1658.48,0,0
5.6,2,0,73,1,0,5,4,82.5,0,0
3.1,3,1,1660,3,0,4,0,29.65,0,1
5.6,8,0,57,4,1,5,2,179.88,1,2
5.9,12,0,6,3,0,3,3,16.82,0,1
5.9,3,0,1724,4,0,5,4,2.33,0,1
4.9,2,0,25,3,0,4,1,92.96,1,1
4.9,4,0,2028,2,0,3,1,18.24,0,0
6.8,6,0,1622,5,0,2,3,63.57,0,1
4.9,4,0,3602,2,1,4,3,89.49,0,1
4.8,3,1,3118,4,0,5,3,67.57,0,1
5.2,7,1,0,2,1,2,4,4.21,0,2
8.2,3,1,1530,3,0,2,2,56.79,0,1
8.2,1,0,20,3,0,4,4,106.37,0,1
1.0,9,0,78,2,0,5,5,6.69,1,0
6.6,12,0,1593,3,1,4,5,5.59,0,1
1.7,13,0,7,2,1,3,5,10.98,0,0
4.1,5,0,796,3,1,3,1,167.36,0,1
1.8,1,0,3132,4,1,3,1,2.73,0,0
2.9,2,1,1705,1,1,5,1,189.55,0,1
1.0,0,0,1603,5,0,4,5,98.31,0,0
5.9,4,0,14,2,0,4,5,37.1,0,1
5.4,8,0,35,2,0,3,5,5.92,0,0
8.5,1,0,5,4,0,5,1,16.53,1,1
5.6,11,1,41,3,0,4,2,176.42,1,2
1.0,6,0,49,3,0,5,3,359.63,0,0
6.3,4,0,17,2,0,4,3,11.62,0,1
2.3,1,0,3363,4,0,5,3,302.72,0,0
4.3,7,0,3584,4,0,5,3,152.75,1,1
1.6,10,0,2417,2,0,3,1,54.04,0,0
7.6,14,1,2559,3,1,5,2,18.05,0,2
2.5,12,1,3130,4,0,1,1,22.83,0,1
2.5,12,1,3626,3,0,4,3,840.83,0,1
7.0,5,0,2066,2,1,5,6,71.35,1,1
2.8,3,0,75,3,0,3,4,401.34,0,0
6.8,12,0,893,2,0,4,5,78.44,0,1
3.7,3,1,444,3,0,4,3,27.69,0,1
3.1,1,1,3,4,0,4,49,131.12,0,1
1.0,2,1,35,3,0,5,2,1389.57,0,1
6.2,14,0,47,3,0,4,5,20.78,1,1
8.0,6,0,2217,5,0,5,51,215.04,1,1
4.1,2,0,1670,3,1,3,5,72.66,1,1
7.5,12,0,48,3,0,2,3,6.21,0,1
2.2,4,0,66,2,0,3,4,6.0,0,0
4.7,9,0,3641,4,0,4,2,27.72,0,1
2.7,5,1,76,3,0,2,3,91.95,0,1
6.8,5,0,8,3,1,4,56,203.89,0,1
3.0,13,0,20,5,0,3,1,5.17,0,1
4.6,3,0,3192,5,1,4,4,145.34,1,1
6.1,5,0,1710,4,0,1,4,45.72,0,0
7.4,2,1,2508,3,1,4,44,54.87,0,2
7.6,6,0,412,3,0,4,52,132.02,0,1
0.8,6,0,421,2,0,5,2,749.31,1,0
5.9,3,1,50,3,1,4,43,86.1,1,2
4.2,1,0,519,4,1,4,4,7.13,0,1
4.4,10,0,79,3,0,5,45,41.24,0,1
5.0,6,1,2946,5,1,4,3,196.02,0,2
1.7,2,1,51,2,0,3,2,205.94,0,1
5.5,14,0,2513,3,0,5,3,148.23,1,1
2.5,0,0,77,4,0,4,4,25.41,0,0
1.4,1,0,1663,3,1,3,6,7.02,0,0
6.0,9,1,83,5,1,4,3,132.19,0,2
6.2,8,0,556,5,0,5,5,8.83,0,1
6.6,11,1,40,2,0,5,48,154.4,0,1
3.4,14,1,1170,2,0,5,3,154.46,1,1
7.4,7,1,3483,2,0,3,2,27.07,0,1
4.7,14,0,73,4,0,3,3,46.12,0,1
6.7,14,0,1655,3,0,2,53,73.55,0,1
6.6,13,0,65,4,0,2,2,21.71,1,1
3.0,5,1,3427,3,0,5,48,6.87,0,1
2.9,13,0,3388,4,0,3,56,51.48,0,0
4.5,5,0,55,4,1,4,0,60.19,0,1
7.9,13,0,2125,3,0,4,2,420.55,0,1
3.7,0,0,39,3,0,4,4,16.89,0,0
4.5,1,0,16,1,0,2,48,271.17,0,0
5.1,3,0,1722,3,0,3,2,9.77,0,0
3.0,2,0,2074,3,0,3,2,7.27,0,0
7.2,13,0,38,3,1,3,4,34.77,1,2
3.0,0,0,17,5,1,5,3,13.31,0,1
5.4,7,1,3600,5,1,5,4,7.11,0,2
5.6,6,1,71,4,0,3,2,1008.78,0,2
6.0,3,0,1992,3,0,5,4,27.73,0,1
4.9,11,0,692,4,0,3,2,1749.27,0,1
2.3,11,1,3,3,1,4,42,12.28,0,2
7.3,8,0,19,2,1,2,3,4.21,0,1
0.2,10,0,1488,3,0,4,39,378.77,0,0
3.8,13,0,39,1,0,3,5,18.36,1,0
4.6,3,0,1775,3,1,2,6,67.24,1,0
4.9,0,0,3395,3,0,3,2,7.15,0,0
2.9,14,1,3498,5,1,3,56,51.56,1,2
5.3,9,1,2708,3,1,4,45,6.98,0,2
5.2,14,0,46,5,0,1,1,48.87,0,0
5.9,0,0,3599,2,1,4,5,26.82,0,1
5.9,0,0,2693,2,1,4,3,77.12,1,1
5.3,0,0,3341,3,1,4,2,139.57,0,1
6.3,3,0,54,4,0,4,51,78.38,0,1
4.9,0,0,3030,1,0,2,6,107.4,0,0
2.3,1,1,80,2,0,4,44,46.36,0,1
2.1,3,0,144,3,0,5,2,28.42,0,0
4.7,6,1,1814,3,0,4,5,110.52,0,1
2.2,1,0,3000,4,0,4,2,46.19,0,0
0.6,7,0,9,3,1,4,4,48.91,0,0
7.1,12,0,166,2,0,3,3,99.15,0,0
8.0,6,0,43,5,0,4,3,11.59,0,1
2.4,8,1,3380,2,0,5,3,466.11,0,1
3.1,13,0,53,4,1,1,1,37.56,0,1
2.6,5,0,50,4,0,5,1,65.78,0,0
4.8,3,0,51,5,0,2,4,51.07,0,1
2.3,5,0,2883,3,1,3,4,145.35,0,0
3.0,14,0,1824,4,0,5,2,90.81,1,0
5.7,3,0,3427,3,0,5,4,50.66,0,1
1.6,6,1,3037,4,1,5,2,479.69,0,1
4.0,8,1,2180,3,1,5,2,0.45,1,2
1.4,2,0,49,3,0,3,3,352.13,0,0
1.9,2,0,1341,5,1,4,42,217.09,0,1
1.2,1,0,2364,1,1,3,2,3.48,1,0
4.1,0,0,56,5,0,3,2,220.07,0,0
3.9,13,1,53,5,0,3,2,267.12,0,1
0.4,0,1,65,3,0,4,1,126.8,0,1
3.7,12,0,7,3,0,3,2,5.27,0,0
1.2,2,0,62,3,0,5,3,152.01,0,0
7.8,13,1,8,5,1,4,1,247.35,0,2
5.9,6,1,1863,2,0,1,3,23.14,0,1
5.4,14,0,62,3,1,4,1,105.82,1,1
5.9,10,0,71,4,0,3,1,32.14,0,1
3.4,8,0,2171,5,0,3,3,206.04,1,0
5.8,13,1,916,4,0,5,4,34.12,0,1
2.3,1,0,12,4,0,3,40,22.87,0,0
3.8,6,1,219,2,0,5,2,51.47,1,1
1.8,0,0,88,3,1,4,3,7.3,0,1
8.7,1,0,51,2,0,4,49,44.35,0,1
0.7,5,0,61,5,0,4,4,93.99,0,0
1.8,10,1,2767,4,1,1,1,201.33,0,1
2.2,4,0,1497,4,0,1,70,79.32,0,0
7.7,7,1,1130,4,0,1,51,6.37,0,1
3.6,11,0,683,3,0,3,1,415.05,1,0
2.3,10,1,1127,2,1,2,4,470.71,0,1
5.3,1,1,2218,3,0,5,3,64.64,0,1
7.6,0,0,3368,2,0,3,3,17.67,0,1
3.6,6,1,18,4,0,4,2,24.6,0,1
1.4,5,0,66,2,1,3,3,40.23,1,0
1.7,7,0,1897,4,0,3,47,82.93,1,0
6.3,10,0,1657,4,1,3,1,34.58,0,1
5.8,14,1,112,3,1,4,3,15.07,0,2
2.6,14,1,2751,2,0,3,4,253.28,1,1
3.3,12,0,3323,3,1,3,4,80.31,0,1
4.8,13,1,1723,3,1,4,3,11.26,0,1
5.6,7,0,61,4,0,4,2,84.52,0,1
5.1,1,1,193,2,0,1,4,69.6,1,1
5.8,13,0,1495,4,0,4,53,18.6,0,1
2.3,7,0,1568,4,0,4,3,327.86,0,0
6.7,5,0,3578,2,1,4,7,66.84,0,1
7.8,8,0,88,4,0,3,3,39.45,0,1
4.6,11,0,1284,4,0,3,2,48.17,1,1
4.0,6,0,665,4,1,2,2,106.26,0,1
0.9,1,0,1696,2,0,5,5,49.0,0,0
3.0,7,1,363,2,0,3,4,48.38,0,1
6.3,8,0,10,2,1,5,1,270.14,0,1
4.6,6,1,37,3,0,3,48,6.5,0,1
6.1,3,0,27,4,1,2,1,8.35,0,1
3.1,8,0,3544,4,0,3,5,175.12,0,0
6.6,3,0,2454,5,0,1,4,2046.27,0,1
2.9,11,1,1956,1,0,5,0,203.31,1,1
6.6,3,1,46,1,0,5,2,894.54,1,2
5.3,8,0,35,4,1,4,2,28.46,0,1
3.4,13,0,996,2,1,4,3,21.0,0,1
0.4,7,0,3624,3,1,4,6,108.29,0,0
6.9,3,0,519,3,0,5,3,228.26,0,1
4.7,13,1,2841,2,1,3,3,7.63,0,1
3.7,7,0,3498,4,1,4,51,39.65,0,1
4.2,14,0,52,3,0,4,52,52.43,1,1
1.0,7,1,451,4,1,5,2,19.72,0,2
2.0,6,1,16,4,0,5,1,23.49,1,1
6.8,9,0,521,2,0,5,1,193.37,0,1
7.3,12,0,2812,5,1,4,2,110.45,0,1
1.7,5,0,1633,3,0,2,44,180.85,0,0
4.7,7,0,14,5,0,3,4,90.5,0,1
4.3,6,0,18,2,0,4,5,14.73,1,1
5.8,4,1,3151,4,1,4,5,102.99,1,2
3.0,11,1,69,3,0,1,2,13.09,1,1
5.8,12,0,46,4,0,3,4,34.2,0,1
6.1,12,0,1435,4,0,2,2,11.54,0,0
4.8,3,0,1720,3,0,5,4,21.84,0,1
6.4,13,0,3375,5,1,2,4,62.53,1,1
2.4,11,0,19,3,0,4,7,27.49,0,0
6.2,1,0,1178,2,0,3,2,14.52,0,0
1.5,10,0,74,4,0,3,2,300.88,0,0
6.2,7,0,359,4,1,5,9,45.63,1,1
6.1,8,0,2109,3,0,2,4,24.73,0,0
4.8,3,0,1213,3,1,1,52,10.77,0,1
3.3,3,0,3266,5,0,1,1,3.29,0,0
2.8,4,0,4,4,0,3,0,39.13,1,1
5.4,1,0,63,2,1,4,4,6.91,0,1
1.0,6,0,3482,2,1,3,3,158.86,0,0
2.4,14,0,69,5,1,4,42,57.07,0,1
5.5,4,1,1132,4,1,1,6,565.4,1,2
2.6,5,0,73,5,1,5,1,76.3,1,1
3.4,3,0,1731,3,1,5,53,18.36,1,1
4.8,7,0,3127,4,1,5,1,3.25,0,1
4.0,7,0,60,4,0,5,1,183.06,0,1
1.6,11,1,2531,2,0,3,6,7.78,1,1
3.3,4,1,83,3,0,3,3,29.6,1,1
4.4,11,0,27,4,1,4,2,672.59,0,1
6.4,5,0,86,3,0,2,7,136.52,0,1
7.9,2,0,1543,4,1,3,4,97.98,0,1
5.3,0,0,104,4,0,2,52,225.09,0,1
0.5,8,0,2697,5,0,3,2,212.85,0,0
8.4,8,0,8,4,0,4,3,584.89,0,1
5.3,2,0,1093,3,0,2,1,22.13,0,0
3.5,3,0,2551,3,0,1,1,31.03,1,0
3.7,12,1,62,4,0,4,2,13.69,0,1
5.2,6,0,1570,3,1,1,3,51.98,0,1
2.0,1,0,1835,2,0,5,3,44.78,0,0
1.9,11,0,57,3,0,2,6,3.93,0,0
4.0,2,0,69,2,0,4,8,20.47,0,0
8.3,5,1,54,4,1,3,2,472.8,0,2
5.2,10,0,204,3,0,1,2,78.75,0,0
1.8,7,1,3578,2,0,3,2,159.67,1,1
0.3,14,0,78,5,0,3,1,45.57,0,0
1.8,0,1,32,4,0,5,3,3.22,0,1
4.5,3,1,3236,4,1,4,1,45.02,1,2
2.9,14,0,1775,4,1,1,4,260.48,0,0
6.2,0,0,2173,4,0,2,34,9.22,1,1
2.1,1,1,2379,4,0,3,4,167.43,0,1
3.7,7,0,1776,3,0,2,2,4.25,0,0
7.3,5,0,152,5,0,3,1,56.28,0,1
2.1,8,0,67,2,1,5,2,123.57,0,0
2.8,1,0,598,5,0,3,59,34.19,0,0
3.4,2,0,54,3,0,4,5,2227.66,0,0
4.1,8,0,6,3,0,4,53,26.06,0,0
3.9,8,0,182,2,1,5,2,22.93,1,1
0.9,12,0,76,3,1,2,6,74.2,1,0
1.9,5,1,4,4,1,4,4,17.59,0,1
3.0,13,0,3327,5,0,5,4,6.28,0,0
3.0,14,1,5,5,0,2,2,10.52,0,1
6.4,2,1,6,5,0,3,51,170.2,0,2
7.4,4,1,2645,3,0,5,2,34.56,1,2
6.4,14,1,187,5,0,4,5,701.37,0,2
1.8,1,1,53,3,0,3,3,28.17,0,1
7.4,6,1,2799,5,0,4,4,158.5,0,2
4.7,9,0,9,2,1,3,1,117.48,0,1
3.5,10,0,1877,3,0,3,4,27.54,1,1
3.6,7,1,66,5,0,3,5,14.61,0,1
5.9,5,0,773,5,0,3,3,4.06,0,1
6.7,7,1,86,4,0,4,1,125.17,0,2
5.6,1,1,77,4,0,4,3,329.44,0,2
0.4,2,0,60,2,0,5,2,5.03,0,0
7.3,6,1,2192,4,0,2,44,31.32,1,2
1.0,9,0,3294,4,0,5,3,20.08,0,0
4.9,11,0,22,1,0,3,2,124.84,0,0
5.8,0,0,870,2,0,3,3,33.35,0,0
5.7,6,0,2,2,0,5,1,397.21,0,1
1.3,5,0,3560,4,0,3,1,30.67,1,0
6.3,7,0,33,2,0,2,54,8.55,0,1
4.3,6,0,1131,3,1,2,5,27.03,0,1
3.3,3,1,2955,3,0,3,68,31.88,0,1
2.4,2,0,1883,3,0,4,3,120.2,0,0
5.4,2,0,7,4,1,5,3,31.18,1,1
6.2,14,0,82,4,1,4,2,105.65,0,1
1.8,3,1,2022,3,1,5,2,16.68,0,1
4.6,14,1,27,3,1,4,4,35.09,0,2
6.1,8,0,77,3,0,5,4,16.82,0,1
1.3,8,0,17,5,0,1,1,15.33,0,0
5.9,12,1,41,3,1,5,2,369.54,1,2
6.5,1,0,40,2,1,3,3,18.68,0,1
3.1,4,0,1202,4,0,5,0,32.41,0,0
7.8,0,0,2340,3,1,1,1,261.62,0,1
6.3,3,0,3083,4,0,4,54,168.17,0,1
2.7,1,1,76,3,0,4,54,640.22,0,1
2.1,7,0,579,4,1,5,2,112.64,1,1
1.8,3,0,1126,1,1,4,7,22.18,0,0
6.4,4,0,2786,3,1,3,4,1194.78,0,1
6.9,10,1,84,3,1,4,1,130.73,1,2
3.7,3,1,2126,4,0,3,3,43.29,0,1
2.4,4,1,774,5,0,2,2,59.51,0,1
4.4,4,0,3359,3,1,2,3,71.44,0,1
6.1,4,0,86,4,0,2,11,38.27,0,1
5.3,10,1,43,4,0,3,4,6.93,0,1
9.1,2,0,1,5,0,5,1,626.46,0,1
5.8,6,1,3204,4,0,5,2,52.84,0,2
1.2,2,0,40,1,0,1,3,71.9,0,0
4.5,1,0,1704,4,1,1,2,1233.01,0,1
5.8,2,0,3590,3,0,2,2,19.59,0,0
3.1,10,1,1857,1,0,3,2,145.94,1,1
4.3,2,1,702,2,1,1,2,16.64,0,1
0.7,7,0,251,5,0,3,2,88.37,0,0
3.2,3,0,745,5,1,4,7,73.87,0,1
2.5,2,1,26,4,0,4,3,178.73,0,1
2.7,9,0,710,5,1,3,0,334.37,0,1
4.1,4,1,3596,4,0,3,5,22.89,0,1
5.4,3,0,9,1,0,4,43,457.15,1,1
0.8,8,0,2248,2,1,5,4,508.38,0,0
8.3,7,0,79,1,1,3,2,37.53,0,1
6.0,10,0,12,1,0,1,33,54.06,0,0
7.5,6,0,47,2,1,3,47,26.01,0,1
2.5,14,0,55,3,0,2,8,34.53,0,0
6.5,7,0,839,4,1,3,5,8.98,0,1
5.4,12,0,798,5,0,2,7,175.27,0,1
3.5,4,0,2410,4,0,3,3,2.52,0,0
2.7,3,1,1711,5,0,2,2,19.19,0,1
2.0,6,0,88,3,0,4,4,50.95,0,0
5.2,0,0,58,5,0,1,4,383.64,1,1
3.1,5,0,649,3,0,4,3,24.1,1,0
8.9,14,0,555,2,0,2,3,103.73,0,1
4.4,7,1,54,5,0,1,53,48.35,0,1
0.5,6,0,1803,3,0,5,3,225.36,0,0
3.6,1,1,579,3,1,4,1,95.91,0,1
3.1,13,0,206,3,0,1,1,189.68,0,0
3.3,12,0,81,4,1,4,3,23.9,1,1
8.1,13,0,3180,5,1,4,2,11.93,0,1
5.5,6,1,3131,1,0,3,3,94.7,0,1
4.6,12,1,1684,5,1,3,3,26.27,1,2
4.3,5,0,4,1,0,5,1,57.14,1,1
2.8,12,1,708,3,0,2,3,87.87,0,1
5.9,4,0,1564,2,0,3,3,351.73,0,0
2.8,3,1,73,4,0,3,56,177.66,0,1
6.3,0,0,50,1,1,4,1,19.66,0,1
1.9,12,0,1397,3,0,5,1,9.8,0,0
4.8,1,0,123,2,0,5,2,707.03,0,1
2.0,14,1,2432,2,1,4,2,5.08,0,1
5.8,6,1,9,4,0,5,2,27.69,1,2
7.3,9,1,1364,2,0,4,3,143.72,0,1
4.0,2,1,428,2,0,4,0,637.87,0,1
4.9,4,0,19,2,1,5,6,41.08,0,1
7.2,7,1,3601,3,1,1,2,56.88,1,2
5.9,12,1,74,4,0,4,43,14.69,0,2
2.4,12,0,18,1,0,4,0,66.02,0,0
3.4,7,0,3389,2,0,5,2,9.73,0,0
7.3,5,0,1746,3,0,5,5,17.72,1,1
3.5,4,1,59,3,1,5,4,171.71,0,2
5.1,12,1,67,5,0,5,2,28.49,1,2
3.3,1,1,56,4,0,3,45,216.13,0,1
4.0,8,1,53,4,1,1,3,43.37,0,1
7.7,0,1,1440,3,1,1,1,7.01,0,2
2.7,10,1,1267,4,0,3,3,314.99,0,1
4.1,1,1,36,4,0,3,39,7.59,0,1
3.5,12,0,1259,3,0,3,2,22.14,1,0
6.9,0,0,43,4,0,3,3,40.47,0,1
3.3,11,0,391,4,0,5,1,246.84,0,0
7.4,3,1,3231,3,0,3,0,24.79,0,1
7.1,3,0,1656,3,1,5,2,13.6,0,1
1.7,4,0,22,4,1,5,3,69.69,0,1
3.0,4,0,2300,2,0,3,6,39.61,1,0
3.1,7,0,3242,4,0,3,1,27.08,0,0
4.0,10,0,3224,4,1,4,2,75.54,0,1
2.5,14,0,701,4,1,4,4,8.98,0,1
1.6,10,0,3597,3,1,3,3,4.13,0,0
6.9,2,0,1161,2,0,2,6,1350.32,1,1
3.7,5,0,2582,1,0,3,2,63.83,1,0
7.2,11,0,2033,4,1,2,4,70.9,0,1
1.7,12,0,163,5,1,3,6,16.89,0,1
7.0,11,0,2963,4,0,3,2,209.88,1,1
4.4,2,0,1817,2,0,4,3,24.53,0,0
2.6,12,0,631,5,1,5,1,0.84,1,1
5.6,1,1,246,5,0,4,6,23.32,0,2
2.8,7,0,5,3,1,5,4,35.8,0,1
7.3,0,0,1379,3,0,4,2,42.3,0,1
5.0,8,0,345,4,1,4,4,40.51,0,1
3.0,10,0,75,4,0,3,4,20.75,1,1
3.4,6,0,24,5,0,3,2,17.95,0,1
4.9,11,0,1141,2,1,5,5,34.92,0,1
3.5,9,0,1026,3,1,5,2,4.63,1,1
7.1,12,0,64,4,1,3,41,2.9,0,1
6.3,14,0,2507,5,0,1,41,63.25,0,1
7.7,11,1,2346,5,1,4,4,64.85,0,2
4.0,10,0,2724,5,0,3,57,204.2,0,0
4.8,3,1,81,3,0,1,3,37.21,0,1
0.4,2,0,1981,4,1,5,55,9.11,0,0
1.7,5,0,1671,3,0,3,4,2.98,0,0
4.6,8,0,3,3,0,4,51,14.36,0,0
5.5,14,1,0,2,0,5,4,102.9,0,1
